timestamp,No_,Name,Search Name,Account Type,Global Dimension 1 Code,Global Dimension 2 Code,Income_Balance,Debit_Credit,No_ 2,Blocked,Direct Posting,Reconciliation Account,New Page,No_ of Blank Lines,Indentation,Last Date Modified,Totaling,Consol_ Translation Method,Consol_ Debit Acc_,Consol_ Credit Acc_,Gen_ Posting Type,Gen_ Bus_ Posting Group,Gen_ Prod_ Posting Group,Picture,Automatic Ext_ Texts,Tax Area Code,Tax Liable,Tax Group Code,VAT Bus_ Posting Group,VAT Prod_ Posting Group,Exchange Rate Adjustment,Default IC Partner G_L Acc_ No,Cost Type No_
0x00000000003310B1,1000,BALANCE SHEET,BALANCE SHEET,1,,,1,0,,0,0,0,0,0,0,1753-01-01 00:00:00.000,,0,,,0,,,NULL,0,,0,,,,0,,
0x00000000003310B2,1002,ASSETS,ASSETS,3,,,1,0,,0,0,0,0,1,0,1753-01-01 00:00:00.000,,0,,,0,,,NULL,0,,0,,,,0,,
0x00000000003310B3,1003,Fixed Assets,FIXED ASSETS,3,,,1,0,,0,0,0,0,1,1,1753-01-01 00:00:00.000,,0,,,0,,,NULL,0,,0,,,,0,,
0x00000000003310B4,1005,Tangible Fixed Assets,TANGIBLE FIXED ASSETS,3,,,1,0,,0,0,0,0,0,2,1753-01-01 00:00:00.000,,0,,,0,,,NULL,0,,0,,,,0,,
0x00000000003310B5,1100,Land and Buildings,LAND AND BUILDINGS,3,,,1,0,,0,0,0,0,0,3,1753-01-01 00:00:00.000,,0,,,0,,,NULL,0,,0,,,,0,,
0x00000000003310B6,1110,Land and Buildings,LAND AND BUILDINGS,0,,,1,0,,0,0,0,0,0,4,1753-01-01 00:00:00.000,,0,,,0,,,NULL,0,,0,,,,0,,
0x00000000003310B7,1120,Increases during the Year,INCREASES DURING THE YEAR,0,,,1,0,,0,0,0,0,0,4,1753-01-01 00:00:00.000,,0,,,1,NATIONAL,MISC,NULL,0,,0,,NATIONAL,VAT17,0,,
0x00000000003310B8,1130,Decreases during the Year,DECREASES DURING THE YEAR,0,,,1,0,,0,0,0,0,0,4,1753-01-01 00:00:00.000,,0,,,2,NATIONAL,MISC,NULL,0,,0,,NATIONAL,VAT17,0,,
0x00000000003310B9,1140,"Accum. Depreciation, Buildings","ACCUM. DEPRECIATION, BUILDINGS",0,,,1,0,,0,0,0,0,0,4,1753-01-01 00:00:00.000,,0,,,0,,,NULL,0,,0,,,,0,,
0x00000000003310BA,1190,"Land and Buildings, Total","LAND AND BUILDINGS, TOTAL",4,,,1,0,,0,0,0,0,0,3,1753-01-01 00:00:00.000,1100..1190,0,,,0,,,NULL,0,,0,,,,0,,
0x00000000003310BB,1200,Operating Equipment,OPERATING EQUIPMENT,3,,,1,0,,0,0,0,0,0,3,1753-01-01 00:00:00.000,,0,,,0,,,NULL,0,,0,,,,0,,
0x00000000003310BC,1210,Operating Equipment,OPERATING EQUIPMENT,0,,,1,0,,0,0,0,0,0,4,1753-01-01 00:00:00.000,,0,,,0,,,NULL,0,,0,,,,0,,
0x00000000003310BD,1220,Increases during the Year,INCREASES DURING THE YEAR,0,,,1,0,,0,0,0,0,0,4,1753-01-01 00:00:00.000,,0,,,1,NATIONAL,MISC,NULL,0,,0,,NATIONAL,VAT17,0,,
0x00000000003310BE,1230,Decreases during the Year,DECREASES DURING THE YEAR,0,,,1,0,,0,0,0,0,0,4,1753-01-01 00:00:00.000,,0,,,2,NATIONAL,MISC,NULL,0,,0,,NATIONAL,VAT17,0,,
0x00000000003310BF,1240,"Accum. Depr., Oper. Equip.","ACCUM. DEPR., OPER. EQUIP.",0,,,1,0,,0,0,0,0,0,4,1753-01-01 00:00:00.000,,0,,,0,,,NULL,0,,0,,,,0,,
0x00000000003310C0,1290,"Operating Equipment, Total","OPERATING EQUIPMENT, TOTAL",4,,,1,0,,0,0,0,0,0,3,1753-01-01 00:00:00.000,1200..1290,0,,,0,,,NULL,0,,0,,,,0,,
0x00000000003310C1,1300,Vehicles,VEHICLES,3,,,1,0,,0,0,0,0,0,3,1753-01-01 00:00:00.000,,0,,,0,,,NULL,0,,0,,,,0,,
0x00000000003310C2,1310,Vehicles,VEHICLES,0,,,1,0,,0,0,0,0,0,4,1753-01-01 00:00:00.000,,0,,,0,,,NULL,0,,0,,,,0,,
0x00000000003310C3,1320,Increases during the Year,INCREASES DURING THE YEAR,0,,,1,0,,0,0,0,0,0,4,1753-01-01 00:00:00.000,,0,,,1,NATIONAL,MISC,NULL,0,,0,,NATIONAL,VAT17,0,,
0x00000000003310C4,1330,Decreases during the Year,DECREASES DURING THE YEAR,0,,,1,0,,0,0,0,0,0,4,1753-01-01 00:00:00.000,,0,,,2,NATIONAL,MISC,NULL,0,,0,,NATIONAL,VAT17,0,,
0x00000000003310C5,1340,"Accum. Depreciation, Vehicles","ACCUM. DEPRECIATION, VEHICLES",0,,,1,0,,0,0,0,0,0,4,1753-01-01 00:00:00.000,,0,,,0,,,NULL,0,,0,,,,0,,
0x00000000003310C6,1390,"Vehicles, Total","VEHICLES, TOTAL",4,,,1,0,,0,0,0,0,0,3,1753-01-01 00:00:00.000,1300..1390,0,,,0,,,NULL,0,,0,,,,0,,
0x00000000003310C7,1395,"Tangible Fixed Assets, Total","TANGIBLE FIXED ASSETS, TOTAL",4,,,1,0,,0,0,0,0,0,2,1753-01-01 00:00:00.000,1005..1395,0,,,0,,,NULL,0,,0,,,,0,,
0x00000000003310C8,1999,"Fixed Assets, Total","FIXED ASSETS, TOTAL",4,,,1,0,,0,0,0,0,0,1,1753-01-01 00:00:00.000,1003..1999,0,,,0,,,NULL,0,,0,,,,0,,
0x00000000003310C9,2000,Current Assets,CURRENT ASSETS,3,,,1,0,,0,0,0,0,1,1,1753-01-01 00:00:00.000,,0,,,0,,,NULL,0,,0,,,,0,,
0x00000000003310CA,2100,Inventory,INVENTORY,3,,,1,0,,0,0,0,0,0,2,1753-01-01 00:00:00.000,,0,,,0,,,NULL,0,,0,,,,0,,
0x00000000003310CB,2110,Resale Items,RESALE ITEMS,0,,,1,0,,0,0,0,0,0,3,1753-01-01 00:00:00.000,,0,,,0,,,NULL,0,,0,,,,0,,
0x00000000003310CC,2111,Resale Items (Interim),RESALE ITEMS (INTERIM),0,,,1,0,,0,0,0,0,0,3,1753-01-01 00:00:00.000,,0,,,0,,,NULL,0,,0,,,,0,,
0x00000000003310CD,2112,Cost of Resale Sold (Interim),COST OF RESALE SOLD (INTERIM),0,,,1,0,,0,0,0,0,0,3,1753-01-01 00:00:00.000,,0,,,0,,,NULL,0,,0,,,,0,,
0x00000000003310CE,2120,Finished Goods,FINISHED GOODS,0,,,1,0,,0,0,0,0,0,3,1753-01-01 00:00:00.000,,0,,,0,,,NULL,0,,0,,,,0,,
0x00000000003310CF,2121,Finished Goods (Interim),FINISHED GOODS (INTERIM),0,,,1,0,,0,0,0,0,0,3,1753-01-01 00:00:00.000,,0,,,0,,,NULL,0,,0,,,,0,,
0x00000000003310D0,2130,Raw Materials,RAW MATERIALS,0,,,1,0,,0,0,0,0,0,3,1753-01-01 00:00:00.000,,0,,,0,,,NULL,0,,0,,,,0,,
0x00000000003310D1,2131,Raw Materials (Interim),RAW MATERIALS (INTERIM),0,,,1,0,,0,0,0,0,0,3,1753-01-01 00:00:00.000,,0,,,0,,,NULL,0,,0,,,,0,,
0x00000000003310D2,2132,Cost of Raw Mat.Sold (Interim),COST OF RAW MAT.SOLD (INTERIM),0,,,1,0,,0,0,0,0,0,3,1753-01-01 00:00:00.000,,0,,,0,,,NULL,0,,0,,,,0,,
0x00000000003310D3,2140,"WIP Account, Finished goods","WIP ACCOUNT, FINISHED GOODS",0,,,1,0,,0,0,0,0,0,3,1753-01-01 00:00:00.000,,0,,,0,,,NULL,0,,0,,,,0,,
0x00000000003310D4,2180,Primo Inventory,PRIMO INVENTORY,0,,,1,0,,0,0,0,0,0,3,1753-01-01 00:00:00.000,,0,,,0,,,NULL,0,,0,,,,0,,
0x00000000003310D5,2190,"Inventory, Total","INVENTORY, TOTAL",4,,,1,0,,0,0,0,0,0,2,1753-01-01 00:00:00.000,2100..2190,0,,,0,,,NULL,0,,0,,,,0,,
0x00000000003310D6,2200,Job WIP,JOB WIP,3,,,1,0,,0,0,0,0,0,2,1753-01-01 00:00:00.000,,0,,,0,,,NULL,0,,0,,,,0,,
0x00000000003310D7,2210,WIP Sales,WIP SALES,3,,,1,0,,0,0,0,0,0,3,1753-01-01 00:00:00.000,,0,,,0,,,NULL,0,,0,,,,0,,
0x00000000003310D8,2211,WIP Job Sales,WIP JOB SALES,0,,,1,0,,0,0,0,0,0,4,1753-01-01 00:00:00.000,,0,,,0,,,NULL,0,,0,,,,0,,
0x00000000003310D9,2212,Invoiced Job Sales,INVOICED JOB SALES,0,,,1,0,,0,0,0,0,0,4,1753-01-01 00:00:00.000,,0,,,0,,,NULL,0,,0,,,,0,,
0x00000000003310DA,2220,"WIP Sales, Total","WIP SALES, TOTAL",4,,,1,0,,0,0,0,0,0,3,1753-01-01 00:00:00.000,2210..2220,0,,,0,,,NULL,0,,0,,,,0,,
0x00000000003310DB,2230,WIP Costs,WIP COSTS,3,,,1,0,,0,0,0,0,0,3,1753-01-01 00:00:00.000,,0,,,0,,,NULL,0,,0,,,,0,,
0x00000000003310DC,2231,WIP Job Costs,WIP JOB COSTS,0,,,1,0,,0,0,0,0,0,4,1753-01-01 00:00:00.000,,0,,,0,,,NULL,0,,0,,,,0,,
0x00000000003310DD,2232,Accrued Job Costs,ACCRUED JOB COSTS,0,,,1,0,,0,0,0,0,0,4,1753-01-01 00:00:00.000,,0,,,0,,,NULL,0,,0,,,,0,,
0x00000000003310DE,2240,"WIP Costs, Total","WIP COSTS, TOTAL",4,,,1,0,,0,0,0,0,0,3,1753-01-01 00:00:00.000,2230..2240,0,,,0,,,NULL,0,,0,,,,0,,
0x00000000003310DF,2290,"Job WIP, Total","JOB WIP, TOTAL",4,,,1,0,,0,0,0,0,0,2,1753-01-01 00:00:00.000,2200..2290,0,,,0,,,NULL,0,,0,,,,0,,
0x00000000003310E0,2300,Accounts Receivable,ACCOUNTS RECEIVABLE,3,,,1,0,,0,0,0,0,0,2,1753-01-01 00:00:00.000,,0,,,0,,,NULL,0,,0,,,,0,,
0x00000000003310E1,2310,Customers Domestic,CUSTOMERS DOMESTIC,0,,,1,0,,0,0,0,0,0,3,1753-01-01 00:00:00.000,,0,,,0,,,NULL,0,,0,,,,0,,
0x00000000003310E2,2320,"Customers, Foreign","CUSTOMERS, FOREIGN",0,,,1,0,,0,0,0,0,0,3,1753-01-01 00:00:00.000,,0,,,0,,,NULL,0,,0,,,,0,,
0x00000000003310E3,2325,"Customers, Intercompany","CUSTOMERS, INTERCOMPANY",0,,,1,0,,0,0,0,0,0,3,1753-01-01 00:00:00.000,,0,,,0,,,NULL,0,,0,,,,0,,
0x00000000003310E4,2330,Accrued Interest,ACCRUED INTEREST,0,,,1,0,,0,1,0,0,0,3,1753-01-01 00:00:00.000,,0,,,0,,,NULL,0,,0,,,,0,,
0x00000000003310E5,2340,Other Receivables,OTHER RECEIVABLES,0,,,1,0,,0,1,0,0,0,3,1753-01-01 00:00:00.000,,0,,,0,,,NULL,0,,0,,,,0,,
0x00000000003310E6,2390,"Accounts Receivable, Total","ACCOUNTS RECEIVABLE, TOTAL",4,,,1,0,,0,0,0,0,0,2,1753-01-01 00:00:00.000,2300..2390,0,,,0,,,NULL,0,,0,,,,0,,
0x00000000003310E7,2400,Purchase Prepayments,PURCHASE PREPAYMENTS,3,,,1,0,,0,0,0,0,0,2,1753-01-01 00:00:00.000,,0,,,0,,,NULL,0,,0,,,,0,,
0x00000000003310E8,2410,Vendor Prepayments VAT 0%,VENDOR PREPAYMENTS VAT 0%,0,,,1,0,,0,0,0,0,0,3,1753-01-01 00:00:00.000,,0,,,0,,NO VAT,NULL,0,,0,,,NO VAT,0,,
0x00000000003310E9,2420,Vendor Prepayments VAT 5%,VENDOR PREPAYMENTS VAT 5%,0,,,1,0,,0,0,0,0,0,3,1753-01-01 00:00:00.000,,0,,,0,,SERVICES,NULL,0,,0,,,VAT5,0,,
0x00000000003310EA,2430,Vendor Prepayments VAT 17.5%,VENDOR PREPAYMENTS VAT 17.5%,0,,,1,0,,0,0,0,0,0,3,1753-01-01 00:00:00.000,,0,,,0,,RETAIL,NULL,0,,0,,,VAT17,0,,
0x00000000003310EB,2440,"Purchase Prepayments, Total","PURCHASE PREPAYMENTS, TOTAL",4,,,1,0,,0,0,0,0,0,2,1753-01-01 00:00:00.000,2400..2440,0,,,0,,,NULL,0,,0,,,,0,,
0x00000000003310EC,2800,Securities,SECURITIES,3,,,1,0,,0,0,0,0,0,2,1753-01-01 00:00:00.000,,0,,,0,,,NULL,0,,0,,,,0,,
0x00000000003310ED,2810,Bonds,BONDS,0,,,1,0,,0,1,0,0,0,3,1753-01-01 00:00:00.000,,0,,,0,,,NULL,0,,0,,,,0,,
0x00000000003310EE,2890,"Securities, Total","SECURITIES, TOTAL",4,,,1,0,,0,0,0,0,0,2,1753-01-01 00:00:00.000,2800..2890,0,,,0,,,NULL,0,,0,,,,0,,
0x00000000003310EF,2900,Liquid Assets,LIQUID ASSETS,3,,,1,0,,0,0,0,0,0,2,1753-01-01 00:00:00.000,,0,,,0,,,NULL,0,,0,,,,0,,
0x00000000003310F0,2910,Cash,CASH,0,,,1,0,,0,1,1,0,0,3,01/01/2011,,0,,,0,,,NULL,0,,0,,,,0,,
0x00000000003310F1,2920,"Bank, GBP","BANK, GBP",0,,,1,0,,0,0,1,0,0,3,01/01/2011,,0,,,0,,,NULL,0,,0,,,,0,,
0x00000000003310F2,2930,Bank Currencies,BANK CURRENCIES,0,,,1,0,,0,0,1,0,0,3,01/01/2011,,0,,,0,,,NULL,0,,0,,,,0,,
0x00000000003310F3,2940,Giro Account,GIRO ACCOUNT,0,,,1,0,,0,0,1,0,0,3,01/01/2011,,0,,,0,,,NULL,0,,0,,,,0,,
0x00000000003310F4,2990,"Liquid Assets, Total","LIQUID ASSETS, TOTAL",4,,,1,0,,0,0,0,0,0,2,1753-01-01 00:00:00.000,2900..2990,0,,,0,,,NULL,0,,0,,,,0,,
0x00000000003310F5,2995,"Current Assets, Total","CURRENT ASSETS, TOTAL",4,,,1,0,,0,0,0,0,0,1,1753-01-01 00:00:00.000,2000..2995,0,,,0,,,NULL,0,,0,,,,0,,
0x00000000003310F6,2999,TOTAL ASSETS,TOTAL ASSETS,4,,,1,0,,0,0,0,0,1,0,1753-01-01 00:00:00.000,1002..2999,0,,,0,,,NULL,0,,0,,,,0,,
0x00000000003310F7,3000,LIABILITIES AND EQUITY,LIABILITIES AND EQUITY,1,,,1,0,,0,0,0,0,1,0,1753-01-01 00:00:00.000,,0,,,0,,,NULL,0,,0,,,,0,,
0x00000000003310F8,3100,Stockholder's Equity,STOCKHOLDER'S EQUITY,1,,,1,0,,0,0,0,0,1,0,1753-01-01 00:00:00.000,,0,,,0,,,NULL,0,,0,,,,0,,
0x00000000003310F9,3110,Capital Stock,CAPITAL STOCK,0,,,1,0,,0,0,0,0,0,0,1753-01-01 00:00:00.000,,0,,,0,,,NULL,0,,0,,,,0,,
0x00000000003310FA,3120,Retained Earnings,RETAINED EARNINGS,0,,,1,0,,0,0,0,0,0,0,1753-01-01 00:00:00.000,,0,,,0,,,NULL,0,,0,,,,0,,
0x00000000003310FB,3195,Net Income for the Year,NET INCOME FOR THE YEAR,2,,,1,0,,0,0,0,0,0,0,1753-01-01 00:00:00.000,6000..9999,0,,,0,,,NULL,0,,0,,,,0,,
0x00000000003310FC,3199,Total Stockholder's Equity,TOTAL STOCKHOLDER'S EQUITY,2,,,1,0,,0,0,0,0,0,0,1753-01-01 00:00:00.000,3100..3199|6000..9999,0,,,0,,,NULL,0,,0,,,,0,,
0x00000000003310FD,4000,Allowances,ALLOWANCES,3,,,1,0,,0,0,0,0,1,0,1753-01-01 00:00:00.000,,0,,,0,,,NULL,0,,0,,,,0,,
0x00000000003310FE,4010,Deferred Taxes,DEFERRED TAXES,0,,,1,0,,0,0,0,0,0,1,1753-01-01 00:00:00.000,,0,,,0,,,NULL,0,,0,,,,0,,
0x00000000003310FF,4999,"Allowances, Total","ALLOWANCES, TOTAL",4,,,1,0,,0,0,0,0,0,0,1753-01-01 00:00:00.000,4000..4999,0,,,0,,,NULL,0,,0,,,,0,,
0x0000000000331101,5000,Liabilities,LIABILITIES,3,,,1,0,,0,0,0,0,1,0,1753-01-01 00:00:00.000,,0,,,0,,,NULL,0,,0,,,,0,,
0x0000000000331102,5100,Long-term Liabilities,LONG-TERM LIABILITIES,3,,,1,0,,0,0,0,0,0,1,1753-01-01 00:00:00.000,,0,,,0,,,NULL,0,,0,,,,0,,
0x0000000000331103,5110,Long-term Bank Loans,LONG-TERM BANK LOANS,0,,,1,0,,0,1,0,0,0,2,1753-01-01 00:00:00.000,,0,,,0,,,NULL,0,,0,,,,0,,
0x0000000000331104,5120,Mortgage,MORTGAGE,0,,,1,0,,0,1,0,0,0,2,1753-01-01 00:00:00.000,,0,,,0,,,NULL,0,,0,,,,0,,
0x0000000000331105,5290,"Long-term Liabilities, Total","LONG-TERM LIABILITIES, TOTAL",4,,,1,0,,0,0,0,0,0,1,1753-01-01 00:00:00.000,5100..5290,0,,,0,,,NULL,0,,0,,,,0,,
0x0000000000331106,5300,Short-term Liabilities,SHORT-TERM LIABILITIES,3,,,1,0,,0,0,0,0,0,1,1753-01-01 00:00:00.000,,0,,,0,,,NULL,0,,0,,,,0,,
0x0000000000331107,5310,Revolving Credit,REVOLVING CREDIT,0,,,1,0,,0,0,1,0,0,2,1753-01-01 00:00:00.000,,0,,,0,,,NULL,0,,0,,,,0,,
0x0000000000331108,5350,Sales Prepayments,SALES PREPAYMENTS,3,,,1,0,,0,0,0,0,0,2,1753-01-01 00:00:00.000,,0,,,0,,,NULL,0,,0,,,,0,,
0x0000000000331109,5360,Customer Prepayments VAT 0%,CUSTOMER PREPAYMENTS VAT 0%,0,,,1,0,,0,0,0,0,0,3,1753-01-01 00:00:00.000,,0,,,0,,NO VAT,NULL,0,,0,,,NO VAT,0,,
0x000000000033110A,5370,Customer Prepayments VAT 5%,CUSTOMER PREPAYMENTS VAT 5%,0,,,1,0,,0,0,0,0,0,3,1753-01-01 00:00:00.000,,0,,,0,,SERVICES,NULL,0,,0,,,VAT5,0,,
0x000000000033110B,5380,Customer Prepayments VAT 17.5%,CUSTOMER PREPAYMENTS VAT 17.5%,0,,,1,0,,0,0,0,0,0,3,1753-01-01 00:00:00.000,,0,,,0,,RETAIL,NULL,0,,0,,,VAT17,0,,
0x000000000033110C,5390,"Sales Prepayments, Total","SALES PREPAYMENTS, TOTAL",4,,,1,0,,0,0,0,0,0,2,1753-01-01 00:00:00.000,5350..5390,0,,,0,,,NULL,0,,0,,,,0,,
0x000000000033110D,5400,Accounts Payable,ACCOUNTS PAYABLE,3,,,1,0,,0,0,0,0,0,2,1753-01-01 00:00:00.000,,0,,,0,,,NULL,0,,0,,,,0,,
0x000000000033110E,5410,"Vendors, Domestic","VENDORS, DOMESTIC",0,,,1,0,,0,0,0,0,0,3,1753-01-01 00:00:00.000,,0,,,0,,,NULL,0,,0,,,,0,,
0x000000000033110F,5420,"Vendors, Foreign","VENDORS, FOREIGN",0,,,1,0,,0,0,0,0,0,3,1753-01-01 00:00:00.000,,0,,,0,,,NULL,0,,0,,,,0,,
0x0000000000331110,5425,"Vendors, Intercompany","VENDORS, INTERCOMPANY",0,,,1,0,,0,0,0,0,0,3,1753-01-01 00:00:00.000,,0,,,0,,,NULL,0,,0,,,,0,,
0x0000000000331111,5490,"Accounts Payable, Total","ACCOUNTS PAYABLE, TOTAL",4,,,1,0,,0,0,0,0,0,2,1753-01-01 00:00:00.000,5400..5490,0,,,0,,,NULL,0,,0,,,,0,,
0x0000000000331112,5500,Inv. Adjmt. (Interim),INV. ADJMT. (INTERIM),3,,,1,0,,0,0,0,0,0,2,1753-01-01 00:00:00.000,,0,,,0,,,NULL,0,,0,,,,0,,
0x0000000000331113,5510,"Inv. Adjmt. (Interim), Retail","INV. ADJMT. (INTERIM), RETAIL",0,,,1,0,,0,0,0,0,0,3,1753-01-01 00:00:00.000,,0,,,0,,,NULL,0,,0,,,,0,,
0x0000000000331114,5530,"Inv. Adjmt. (Interim), Raw Mat","INV. ADJMT. (INTERIM), RAW MAT",0,,,1,0,,0,0,0,0,0,3,1753-01-01 00:00:00.000,,0,,,0,,,NULL,0,,0,,,,0,,
0x0000000000331115,5590,"Inv. Adjmt. (Interim), Total","INV. ADJMT. (INTERIM), TOTAL",4,,,1,0,,0,0,0,0,0,2,1753-01-01 00:00:00.000,5500..5590,0,,,0,,,NULL,0,,0,,,,0,,
0x0000000000331116,5600,VAT,VAT,3,,,1,0,,0,0,0,0,0,2,1753-01-01 00:00:00.000,,0,,,0,,,NULL,0,,0,,,,0,,
0x0000000000331117,5610,Sales VAT 17.5%,SALES VAT 17.5%,0,,,1,0,,0,0,0,0,0,3,1753-01-01 00:00:00.000,,0,,,0,,,NULL,0,,0,,,,0,,
0x0000000000331118,5611,Sales VAT 5%,SALES VAT 5%,0,,,1,0,,0,0,0,0,0,3,1753-01-01 00:00:00.000,,0,,,0,,,NULL,0,,0,,,,0,,
0x0000000000331119,5612,Sales Full VAT 5%,SALES FULL VAT 5%,0,,,1,0,,0,1,0,0,0,3,1753-01-01 00:00:00.000,,0,,,2,,MISC,NULL,0,,0,,,VAT17,0,,
0x000000000033111A,5613,Sales Full VAT 17.5%,SALES FULL VAT 17.5%,0,,,1,0,,0,1,0,0,0,3,1753-01-01 00:00:00.000,,0,,,2,,MISC,NULL,0,,0,,,VAT17,0,,
0x000000000033111B,5620,Purchase VAT 17.5% EU,PURCHASE VAT 17.5% EU,0,,,1,0,,0,0,0,0,0,3,1753-01-01 00:00:00.000,,0,,,0,,,NULL,0,,0,,,,0,,
0x000000000033111C,5621,Purchase VAT 5% EU,PURCHASE VAT 5% EU,0,,,1,0,,0,0,0,0,0,3,1753-01-01 00:00:00.000,,0,,,0,,,NULL,0,,0,,,,0,,
0x000000000033111D,5630,Purchase VAT 17.5%,PURCHASE VAT 17.5%,0,,,1,0,,0,0,0,0,0,3,1753-01-01 00:00:00.000,,0,,,0,,,NULL,0,,0,,,,0,,
0x000000000033111E,5631,Purchase VAT 5%,PURCHASE VAT 5%,0,,,1,0,,0,0,0,0,0,3,1753-01-01 00:00:00.000,,0,,,0,,,NULL,0,,0,,,,0,,
0x000000000033111F,5632,Purchase Full VAT 5%,PURCHASE FULL VAT 5%,0,,,1,0,,0,1,0,0,0,3,1753-01-01 00:00:00.000,,0,,,1,,MISC,NULL,0,,0,,,VAT17,0,,
0x0000000000331120,5633,Purchase Full VAT 17.5%,PURCHASE FULL VAT 17.5%,0,,,1,0,,0,1,0,0,0,3,1753-01-01 00:00:00.000,,0,,,1,,MISC,NULL,0,,0,,,VAT17,0,,
0x0000000000331121,5710,Fuel Tax,FUEL TAX,0,,,1,0,,0,1,0,0,0,3,1753-01-01 00:00:00.000,,0,,,0,,,NULL,0,,0,,,,0,,
0x0000000000331122,5720,Electricity Tax,ELECTRICITY TAX,0,,,1,0,,0,1,0,0,0,3,1753-01-01 00:00:00.000,,0,,,0,,,NULL,0,,0,,,,0,,
0x0000000000331123,5730,Natural Gas Tax,NATURAL GAS TAX,0,,,1,0,,0,1,0,0,0,3,1753-01-01 00:00:00.000,,0,,,0,,,NULL,0,,0,,,,0,,
0x0000000000331124,5740,Coal Tax,COAL TAX,0,,,1,0,,0,1,0,0,0,3,1753-01-01 00:00:00.000,,0,,,0,,,NULL,0,,0,,,,0,,
0x0000000000331125,5750,CO2 Tax,CO2 TAX,0,,,1,0,,0,1,0,0,0,3,1753-01-01 00:00:00.000,,0,,,0,,,NULL,0,,0,,,,0,,
0x0000000000331126,5760,Water Tax,WATER TAX,0,,,1,0,,0,1,0,0,0,3,1753-01-01 00:00:00.000,,0,,,0,,,NULL,0,,0,,,,0,,
0x0000000000331127,5780,VAT Payable,VAT PAYABLE,0,,,1,0,,0,1,0,0,0,3,1753-01-01 00:00:00.000,,0,,,0,,,NULL,0,,0,,,,0,,
0x0000000000331128,5790,"VAT, Total","VAT, TOTAL",4,,,1,0,,0,0,0,0,0,2,1753-01-01 00:00:00.000,5600..5790,0,,,0,,,NULL,0,,0,,,,0,,
0x0000000000331129,5795,Prepaid Service Contracts,PREPAID SERVICE CONTRACTS,3,,,1,0,,0,0,0,0,0,2,23/09/2010,,0,,,0,,,NULL,0,,0,,,,0,,
0x000000000033112A,5796,Prepaid Hardware Contracts,PREPAID HARDWARE CONTRACTS,0,,,1,0,,0,1,0,0,0,3,23/09/2010,,0,,,2,NATIONAL,SERVICES,NULL,0,,0,,NATIONAL,VAT5,0,,
0x000000000033112B,5797,Prepaid Software Contracts,PREPAID SOFTWARE CONTRACTS,0,,,1,0,,0,1,0,0,0,3,23/09/2010,,0,,,2,NATIONAL,SERVICES,NULL,0,,0,,NATIONAL,VAT5,0,,
0x000000000033112C,5799,Total Prepaid Service Contract,TOTAL PREPAID SERVICE CONTRACT,4,,,1,0,,0,0,0,0,0,2,23/09/2010,5795..5799,0,,,0,,,NULL,0,,0,,,,0,,
0x000000000033112D,5800,Personnel-related Items,PERSONNEL-RELATED ITEMS,3,,,1,0,,0,0,0,0,0,2,1753-01-01 00:00:00.000,,0,,,0,,,NULL,0,,0,,,,0,,
0x000000000033112E,5810,Withholding Taxes Payable,WITHHOLDING TAXES PAYABLE,0,,,1,0,,0,1,0,0,0,3,1753-01-01 00:00:00.000,,0,,,0,,,NULL,0,,0,,,,0,,
0x000000000033112F,5820,Supplementary Taxes Payable,SUPPLEMENTARY TAXES PAYABLE,0,,,1,0,,0,1,0,0,0,3,1753-01-01 00:00:00.000,,0,,,0,,,NULL,0,,0,,,,0,,
0x0000000000331130,5830,Payroll Taxes Payable,PAYROLL TAXES PAYABLE,0,,,1,0,,0,1,0,0,0,3,1753-01-01 00:00:00.000,,0,,,0,,,NULL,0,,0,,,,0,,
0x0000000000331131,5840,Vacation Compensation Payable,VACATION COMPENSATION PAYABLE,0,,,1,0,,0,1,0,0,0,3,1753-01-01 00:00:00.000,,0,,,0,,,NULL,0,,0,,,,0,,
0x0000000000331132,5890,Total Personnel-related Items,TOTAL PERSONNEL-RELATED ITEMS,4,,,1,0,,0,0,0,0,0,2,1753-01-01 00:00:00.000,5800..5890,0,,,0,,,NULL,0,,0,,,,0,,
0x0000000000331133,5900,Other Liabilities,OTHER LIABILITIES,3,,,1,0,,0,0,0,0,0,2,1753-01-01 00:00:00.000,,0,,,0,,,NULL,0,,0,,,,0,,
0x0000000000331134,5910,Dividends for the Fiscal Year,DIVIDENDS FOR THE FISCAL YEAR,0,,,1,0,,0,1,0,0,0,3,1753-01-01 00:00:00.000,,0,,,0,,,NULL,0,,0,,,,0,,
0x0000000000331135,5920,Corporate Taxes Payable,CORPORATE TAXES PAYABLE,0,,,1,0,,0,1,0,0,0,3,1753-01-01 00:00:00.000,,0,,,0,,,NULL,0,,0,,,,0,,
0x0000000000331136,5990,"Other Liabilities, Total","OTHER LIABILITIES, TOTAL",4,,,1,0,,0,0,0,0,0,2,1753-01-01 00:00:00.000,5900..5990,0,,,0,,,NULL,0,,0,,,,0,,
0x0000000000331137,5995,"Short-term Liabilities, Total","SHORT-TERM LIABILITIES, TOTAL",4,,,1,0,,0,0,0,0,0,1,1753-01-01 00:00:00.000,5300..5995,0,,,0,,,NULL,0,,0,,,,0,,
0x0000000000331138,5997,Total Liabilities,TOTAL LIABILITIES,4,,,1,0,,0,0,0,0,0,0,1753-01-01 00:00:00.000,5000..5997,0,,,0,,,NULL,0,,0,,,,0,,
0x0000000000331139,5999,TOTAL LIABILITIES AND EQUITY,TOTAL LIABILITIES AND EQUITY,2,,,1,0,,0,0,0,1,1,0,1753-01-01 00:00:00.000,3000..5999|6000..9999,0,,,0,,,NULL,0,,0,,,,0,,
0x000000000033113A,6000,INCOME STATEMENT,INCOME STATEMENT,1,,,0,0,,0,0,0,0,0,0,1753-01-01 00:00:00.000,,0,,,0,,,NULL,0,,0,,,,0,,
0x000000000033113B,6100,Revenue,REVENUE,3,,,0,0,,0,0,0,0,1,0,1753-01-01 00:00:00.000,,0,,,0,,,NULL,0,,0,,,,0,,
0x000000000033113C,6105,Sales of Retail,SALES OF RETAIL,3,,,0,0,,0,0,0,0,0,1,1753-01-01 00:00:00.000,,0,,,0,,,NULL,0,,0,,,,0,,
0x000000000033113D,6110,"Sales, Retail - Dom.","SALES, RETAIL - DOM.",0,,,0,0,,0,0,0,0,0,2,1753-01-01 00:00:00.000,,0,,,2,NATIONAL,RETAIL,NULL,0,,0,,NATIONAL,VAT17,0,,
0x000000000033113E,6120,"Sales, Retail - EU","SALES, RETAIL - EU",0,,,0,0,,0,1,0,0,0,2,1753-01-01 00:00:00.000,,0,,,2,EU,RETAIL,NULL,0,,0,,EU,VAT17,0,,
0x000000000033113F,6130,"Sales, Retail - Export","SALES, RETAIL - EXPORT",0,,,0,0,,0,0,0,0,0,2,1753-01-01 00:00:00.000,,0,,,2,EXPORT,RETAIL,NULL,0,,0,,EXPORT,VAT17,0,,
0x0000000000331140,6190,"Job Sales Applied, Retail","JOB SALES APPLIED, RETAIL",0,,,0,0,,0,0,0,0,0,2,1753-01-01 00:00:00.000,,0,,,0,,,NULL,0,,0,,,,0,,
0x0000000000331141,6191,"Job Sales Adjmt., Retail","JOB SALES ADJMT., RETAIL",0,,,0,0,,0,0,0,0,0,2,1753-01-01 00:00:00.000,,0,,,0,,,NULL,0,,0,,,,0,,
0x0000000000331142,6195,Total Sales of Retail,TOTAL SALES OF RETAIL,4,,,0,0,,0,0,0,0,0,1,1753-01-01 00:00:00.000,6105..6195,0,,,0,,,NULL,0,,0,,,,0,,
0x0000000000331143,6205,Sales of Raw Materials,SALES OF RAW MATERIALS,3,,,0,0,,0,0,0,0,0,1,1753-01-01 00:00:00.000,,0,,,0,,,NULL,0,,0,,,,0,,
0x0000000000331144,6210,"Sales, Raw Materials - Dom.","SALES, RAW MATERIALS - DOM.",0,,,0,0,,0,0,0,0,0,2,1753-01-01 00:00:00.000,,0,,,2,NATIONAL,RAW MAT,NULL,0,,0,,NATIONAL,VAT17,0,,
0x0000000000331145,6220,"Sales, Raw Materials - EU","SALES, RAW MATERIALS - EU",0,,,0,0,,0,0,0,0,0,2,1753-01-01 00:00:00.000,,0,,,2,EU,RAW MAT,NULL,0,,0,,EU,VAT17,0,,
0x0000000000331146,6230,"Sales, Raw Materials - Export","SALES, RAW MATERIALS - EXPORT",0,,,0,0,,0,0,0,0,0,2,1753-01-01 00:00:00.000,,0,,,2,EXPORT,RAW MAT,NULL,0,,0,,EXPORT,VAT17,0,,
0x0000000000331147,6290,"Job Sales Applied, Raw Mat.","JOB SALES APPLIED, RAW MAT.",0,,,0,0,,0,0,0,0,0,2,1753-01-01 00:00:00.000,,0,,,0,,,NULL,0,,0,,,,0,,
0x0000000000331148,6291,"Job Sales Adjmt., Raw Mat.","JOB SALES ADJMT., RAW MAT.",0,,,0,0,,0,0,0,0,0,2,1753-01-01 00:00:00.000,,0,,,0,,,NULL,0,,0,,,,0,,
0x0000000000331149,6295,Total Sales of Raw Materials,TOTAL SALES OF RAW MATERIALS,4,,,0,0,,0,0,0,0,0,1,1753-01-01 00:00:00.000,6205..6295,0,,,0,,,NULL,0,,0,,,,0,,
0x000000000033114A,6405,Sales of Resources,SALES OF RESOURCES,3,,,0,0,,0,0,0,0,0,1,1753-01-01 00:00:00.000,,0,,,0,,,NULL,0,,0,,,,0,,
0x000000000033114B,6410,"Sales, Resources - Dom.","SALES, RESOURCES - DOM.",0,,,0,0,,0,0,0,0,0,2,1753-01-01 00:00:00.000,,0,,,2,NATIONAL,SERVICES,NULL,0,,0,,NATIONAL,VAT5,0,,
0x000000000033114C,6420,"Sales, Resources - EU","SALES, RESOURCES - EU",0,,,0,0,,0,0,0,0,0,2,1753-01-01 00:00:00.000,,0,,,2,EU,SERVICES,NULL,0,,0,,EU,VAT5,0,,
0x000000000033114D,6430,"Sales, Resources - Export","SALES, RESOURCES - EXPORT",0,,,0,0,,0,0,0,0,0,2,1753-01-01 00:00:00.000,,0,,,2,EXPORT,SERVICES,NULL,0,,0,,EXPORT,VAT5,0,,
0x000000000033114E,6490,"Job Sales Applied, Resources","JOB SALES APPLIED, RESOURCES",0,,,0,0,,0,0,0,0,0,2,1753-01-01 00:00:00.000,,0,,,0,,,NULL,0,,0,,,,0,,
0x000000000033114F,6491,"Job Sales Adjmt., Resources","JOB SALES ADJMT., RESOURCES",0,,,0,0,,0,0,0,0,0,2,1753-01-01 00:00:00.000,,0,,,0,,,NULL,0,,0,,,,0,,
0x0000000000331150,6495,Total Sales of Resources,TOTAL SALES OF RESOURCES,4,,,0,0,,0,0,0,0,0,1,1753-01-01 00:00:00.000,6405..6495,0,,,0,,,NULL,0,,0,,,,0,,
0x0000000000331151,6605,Sales of Jobs,SALES OF JOBS,3,,,0,0,,0,0,0,0,0,1,1753-01-01 00:00:00.000,,0,,,0,,,NULL,0,,0,,,,0,,
0x0000000000331152,6610,"Sales, Other Job Expenses","SALES, OTHER JOB EXPENSES",0,,,0,0,,0,1,0,0,0,2,1753-01-01 00:00:00.000,,0,,,0,,,NULL,0,,0,,,,0,,
0x0000000000331153,6620,Job Sales,JOB SALES,0,,,0,0,,0,1,0,0,0,2,1753-01-01 00:00:00.000,,0,,,0,,,NULL,0,,0,,,,0,,
0x0000000000331154,6695,Total Sales of Jobs,TOTAL SALES OF JOBS,4,,,0,0,,0,0,0,0,0,1,1753-01-01 00:00:00.000,6605..6695,0,,,0,,,NULL,0,,0,,,,0,,
0x0000000000331155,6710,Consulting Fees - Dom.,CONSULTING FEES - DOM.,0,,,0,0,,0,1,0,0,0,1,1753-01-01 00:00:00.000,,0,,,2,NATIONAL,SERVICES,NULL,0,,0,,NATIONAL,VAT5,0,,
0x0000000000331156,6810,Fees and Charges Rec. - Dom.,FEES AND CHARGES REC. - DOM.,0,,,0,0,,0,1,0,0,0,1,1753-01-01 00:00:00.000,,0,,,2,NATIONAL,MISC,NULL,0,,0,,NATIONAL,VAT17,0,,
0x0000000000331157,6910,Discount Granted,DISCOUNT GRANTED,0,,,0,0,,0,0,0,0,0,1,1753-01-01 00:00:00.000,,0,,,0,,,NULL,0,,0,,,,0,,
0x0000000000331158,6950,Sales of Service Contracts,SALES OF SERVICE CONTRACTS,3,,,0,0,,0,0,0,0,0,1,23/09/2010,,0,,,0,,,NULL,0,,0,,,,0,,
0x0000000000331159,6955,Service Contract Sale,SERVICE CONTRACT SALE,0,,,0,0,,0,1,0,0,0,2,23/09/2010,,0,,,2,NATIONAL,SERVICES,NULL,0,,0,,NATIONAL,VAT5,0,,
0x000000000033115A,6959,Total Sale of Serv. Contracts,TOTAL SALE OF SERV. CONTRACTS,4,,,0,0,,0,0,0,0,0,1,23/09/2010,6950..6959,0,,,0,,,NULL,0,,0,,,,0,,
0x000000000033115B,6995,Total Revenue,TOTAL REVENUE,4,,,0,0,,0,0,0,0,0,0,1753-01-01 00:00:00.000,6100..6995,0,,,0,,,NULL,0,,0,,,,0,,
0x000000000033115C,7100,Cost,COST,3,,,0,0,,0,0,0,0,1,0,1753-01-01 00:00:00.000,,0,,,0,,,NULL,0,,0,,,,0,,
0x000000000033115D,7105,Cost of Retail,COST OF RETAIL,3,,,0,0,,0,0,0,0,0,1,1753-01-01 00:00:00.000,,0,,,0,,,NULL,0,,0,,,,0,,
0x000000000033115E,7110,"Purch., Retail - Dom.","PURCH., RETAIL - DOM.",0,,,0,0,,0,0,0,0,0,2,1753-01-01 00:00:00.000,,0,,,1,NATIONAL,RETAIL,NULL,0,,0,,NATIONAL,VAT17,0,,
0x000000000033115F,7120,"Purch., Retail - EU","PURCH., RETAIL - EU",0,,,0,0,,0,1,0,0,0,2,1753-01-01 00:00:00.000,,0,,,1,EU,RETAIL,NULL,0,,0,,EU,VAT17,0,,
0x0000000000331160,7130,"Purch., Retail - Export","PURCH., RETAIL - EXPORT",0,,,0,0,,0,0,0,0,0,2,1753-01-01 00:00:00.000,,0,,,1,EXPORT,RETAIL,NULL,0,,0,,EXPORT,VAT17,0,,
0x0000000000331161,7140,"Disc. Received, Retail","DISC. RECEIVED, RETAIL",0,,,0,0,,0,0,0,0,0,2,1753-01-01 00:00:00.000,,0,,,0,,,NULL,0,,0,,,,0,,
0x0000000000331162,7150,"Delivery Expenses, Retail","DELIVERY EXPENSES, RETAIL",0,,,0,0,,0,1,0,0,0,2,1753-01-01 00:00:00.000,,0,,,1,NATIONAL,MISC,NULL,0,,0,,NATIONAL,VAT17,0,,
0x0000000000331163,7170,"Inventory Adjmt., Retail","INVENTORY ADJMT., RETAIL",0,,,0,0,,0,0,0,0,0,2,1753-01-01 00:00:00.000,,0,,,0,,,NULL,0,,0,,,,0,,
0x0000000000331164,7180,"Job Cost Applied, Retail","JOB COST APPLIED, RETAIL",0,,,0,0,,0,0,0,0,0,2,1753-01-01 00:00:00.000,,0,,,0,,,NULL,0,,0,,,,0,,
0x0000000000331165,7181,"Job Cost Adjmt., Retail","JOB COST ADJMT., RETAIL",0,,,0,0,,0,0,0,0,0,2,1753-01-01 00:00:00.000,,0,,,0,,,NULL,0,,0,,,,0,,
0x0000000000331166,7190,Cost of Retail Sold,COST OF RETAIL SOLD,0,,,0,0,,0,0,0,0,0,2,1753-01-01 00:00:00.000,,0,,,0,,,NULL,0,,0,,,,0,,
0x0000000000331167,7191,"Direct Cost Applied, Retail","DIRECT COST APPLIED, RETAIL",0,,,0,0,,0,0,0,0,0,2,1753-01-01 00:00:00.000,,0,,,0,,,NULL,0,,0,,,,0,,
0x0000000000331168,7192,"Overhead Applied, Retail","OVERHEAD APPLIED, RETAIL",0,,,0,0,,0,0,0,0,0,2,1753-01-01 00:00:00.000,,0,,,0,,,NULL,0,,0,,,,0,,
0x0000000000331169,7193,"Purchase Variance, Retail","PURCHASE VARIANCE, RETAIL",0,,,0,0,,0,0,0,0,0,2,1753-01-01 00:00:00.000,,0,,,0,,,NULL,0,,0,,,,0,,
0x000000000033116A,7195,Total Cost of Retail,TOTAL COST OF RETAIL,4,,,0,0,,0,0,0,0,0,1,1753-01-01 00:00:00.000,7105..7195,0,,,0,,,NULL,0,,0,,,,0,,
0x000000000033116B,7205,Cost of Raw Materials,COST OF RAW MATERIALS,3,,,0,0,,0,0,0,0,0,1,1753-01-01 00:00:00.000,,0,,,0,,,NULL,0,,0,,,,0,,
0x000000000033116C,7210,"Purch., Raw Materials - Dom.","PURCH., RAW MATERIALS - DOM.",0,,,0,0,,0,0,0,0,0,2,1753-01-01 00:00:00.000,,0,,,1,NATIONAL,RAW MAT,NULL,0,,0,,NATIONAL,VAT17,0,,
0x000000000033116D,7220,"Purch., Raw Materials - EU","PURCH., RAW MATERIALS - EU",0,,,0,0,,0,0,0,0,0,2,1753-01-01 00:00:00.000,,0,,,1,EU,RAW MAT,NULL,0,,0,,EU,VAT17,0,,
0x000000000033116E,7230,"Purch., Raw Materials - Export","PURCH., RAW MATERIALS - EXPORT",0,,,0,0,,0,0,0,0,0,2,1753-01-01 00:00:00.000,,0,,,1,EXPORT,RAW MAT,NULL,0,,0,,EXPORT,VAT17,0,,
0x000000000033116F,7240,"Disc. Received, Raw Materials","DISC. RECEIVED, RAW MATERIALS",0,,,0,0,,0,0,0,0,0,2,1753-01-01 00:00:00.000,,0,,,0,,,NULL,0,,0,,,,0,,
0x0000000000331170,7250,"Delivery Expenses, Raw Mat.","DELIVERY EXPENSES, RAW MAT.",0,,,0,0,,0,1,0,0,0,2,1753-01-01 00:00:00.000,,0,,,1,NATIONAL,MISC,NULL,0,,0,,NATIONAL,VAT17,0,,
0x0000000000331171,7270,"Inventory Adjmt., Raw Mat.","INVENTORY ADJMT., RAW MAT.",0,,,0,0,,0,0,0,0,0,2,1753-01-01 00:00:00.000,,0,,,0,,,NULL,0,,0,,,,0,,
0x0000000000331172,7280,"Job Cost Applied, Raw Mat.","JOB COST APPLIED, RAW MAT.",0,,,0,0,,0,0,0,0,0,2,1753-01-01 00:00:00.000,,0,,,0,,,NULL,0,,0,,,,0,,
0x0000000000331173,7281,"Job Cost Adjmt., Raw Materials","JOB COST ADJMT., RAW MATERIALS",0,,,0,0,,0,0,0,0,0,2,1753-01-01 00:00:00.000,,0,,,0,,,NULL,0,,0,,,,0,,
0x0000000000331174,7290,Cost of Raw Materials Sold,COST OF RAW MATERIALS SOLD,0,,,0,0,,0,0,0,0,0,2,1753-01-01 00:00:00.000,,0,,,0,,,NULL,0,,0,,,,0,,
0x0000000000331175,7291,"Direct Cost Applied, Rawmat.","DIRECT COST APPLIED, RAWMAT.",0,,,0,0,,0,0,0,0,0,2,1753-01-01 00:00:00.000,,0,,,0,,,NULL,0,,0,,,,0,,
0x0000000000331176,7292,"Overhead Applied, Rawmat.","OVERHEAD APPLIED, RAWMAT.",0,,,0,0,,0,0,0,0,0,2,1753-01-01 00:00:00.000,,0,,,0,,,NULL,0,,0,,,,0,,
0x0000000000331177,7293,"Purchase Variance, Rawmat.","PURCHASE VARIANCE, RAWMAT.",0,,,0,0,,0,0,0,0,0,2,1753-01-01 00:00:00.000,,0,,,0,,,NULL,0,,0,,,,0,,
0x0000000000331178,7295,Total Cost of Raw Materials,TOTAL COST OF RAW MATERIALS,4,,,0,0,,0,0,0,0,0,1,1753-01-01 00:00:00.000,7205..7295,0,,,0,,,NULL,0,,0,,,,0,,
0x0000000000331179,7405,Cost of Resources,COST OF RESOURCES,3,,,0,0,,0,0,0,0,0,1,1753-01-01 00:00:00.000,,0,,,0,,,NULL,0,,0,,,,0,,
0x000000000033117A,7480,"Job Cost Applied, Resources","JOB COST APPLIED, RESOURCES",0,,,0,0,,0,0,0,0,0,2,1753-01-01 00:00:00.000,,0,,,0,,,NULL,0,,0,,,,0,,
0x000000000033117B,7481,"Job Cost Adjmt., Resources","JOB COST ADJMT., RESOURCES",0,,,0,0,,0,0,0,0,0,2,1753-01-01 00:00:00.000,,0,,,0,,,NULL,0,,0,,,,0,,
0x000000000033117C,7490,Cost of Resources Used,COST OF RESOURCES USED,0,,,0,0,,0,1,0,0,0,2,1753-01-01 00:00:00.000,,0,,,0,,,NULL,0,,0,,,,0,,
0x000000000033117D,7495,Total Cost of Resources,TOTAL COST OF RESOURCES,4,,,0,0,,0,0,0,0,0,1,1753-01-01 00:00:00.000,7405..7495,0,,,0,,,NULL,0,,0,,,,0,,
0x000000000033117E,7620,Job Costs,JOB COSTS,0,,,0,0,,0,0,0,0,0,1,1753-01-01 00:00:00.000,,0,,,0,,,NULL,0,,0,,,,0,,
0x000000000033117F,7705,Cost of Capacities,COST OF CAPACITIES,3,,,0,0,,0,0,0,0,0,1,1753-01-01 00:00:00.000,,0,,,0,,,NULL,0,,0,,,,0,,
0x0000000000331180,7710,Cost of Capacities,COST OF CAPACITIES,0,,,0,0,,0,0,0,0,0,2,1753-01-01 00:00:00.000,,0,,,0,,,NULL,0,,0,,,,0,,
0x0000000000331181,7791,"Direct Cost Applied, Cap.","DIRECT COST APPLIED, CAP.",0,,,0,0,,0,0,0,0,0,2,1753-01-01 00:00:00.000,,0,,,0,,,NULL,0,,0,,,,0,,
0x0000000000331182,7792,"Overhead Applied, Cap.","OVERHEAD APPLIED, CAP.",0,,,0,0,,0,0,0,0,0,2,1753-01-01 00:00:00.000,,0,,,0,,,NULL,0,,0,,,,0,,
0x0000000000331183,7793,"Purchase Variance, Cap.","PURCHASE VARIANCE, CAP.",0,,,0,0,,0,0,0,0,0,2,1753-01-01 00:00:00.000,,0,,,0,,,NULL,0,,0,,,,0,,
0x0000000000331184,7795,Total Cost of Capacities,TOTAL COST OF CAPACITIES,4,,,0,0,,0,0,0,0,0,1,1753-01-01 00:00:00.000,7705..7795,0,,,0,,,NULL,0,,0,,,,0,,
0x0000000000331185,7805,Variance,VARIANCE,3,,,0,0,,0,0,0,0,0,1,1753-01-01 00:00:00.000,,0,,,0,,,NULL,0,,0,,,,0,,
0x0000000000331186,7890,Material Variance,MATERIAL VARIANCE,0,,,0,0,,0,0,0,0,0,2,1753-01-01 00:00:00.000,,0,,,0,,,NULL,0,,0,,,,0,,
0x0000000000331187,7891,Capacity Variance,CAPACITY VARIANCE,0,,,0,0,,0,0,0,0,0,2,1753-01-01 00:00:00.000,,0,,,0,,,NULL,0,,0,,,,0,,
0x0000000000331188,7892,Subcontracted Variance,SUBCONTRACTED VARIANCE,0,,,0,0,,0,0,0,0,0,2,1753-01-01 00:00:00.000,,0,,,0,,,NULL,0,,0,,,,0,,
0x0000000000331189,7893,Cap. Overhead Variance,CAP. OVERHEAD VARIANCE,0,,,0,0,,0,0,0,0,0,2,1753-01-01 00:00:00.000,,0,,,0,,,NULL,0,,0,,,,0,,
0x000000000033118A,7894,Mfg. Overhead Variance,MFG. OVERHEAD VARIANCE,0,,,0,0,,0,0,0,0,0,2,1753-01-01 00:00:00.000,,0,,,0,,,NULL,0,,0,,,,0,,
0x000000000033118B,7895,Total Variance,TOTAL VARIANCE,4,,,0,0,,0,0,0,0,0,1,1753-01-01 00:00:00.000,7805..7895,0,,,0,,,NULL,0,,0,,,,0,,
0x000000000033118C,7995,Total Cost,TOTAL COST,4,,,0,0,,0,0,0,0,0,0,1753-01-01 00:00:00.000,7100..7995,0,,,0,,,NULL,0,,0,,,,0,,
0x000000000033118D,8000,Operating Expenses,OPERATING EXPENSES,3,,,0,0,,0,0,0,0,1,0,1753-01-01 00:00:00.000,,0,,,0,,,NULL,0,,0,,,,0,,
0x000000000033118E,8100,Building Maintenance Expenses,BUILDING MAINTENANCE EXPENSES,3,,,0,0,,0,0,0,0,0,1,1753-01-01 00:00:00.000,,0,,,0,,,NULL,0,,0,,,,0,,
0x000000000033118F,8110,Cleaning,CLEANING,0,,,0,0,,0,1,0,0,0,2,01/01/2011,,0,,,1,NATIONAL,MISC,NULL,0,,0,,NATIONAL,VAT17,0,,
0x0000000000331190,8120,Electricity and Heating,ELECTRICITY AND HEATING,0,,,0,0,,0,1,0,0,0,2,01/01/2011,,0,,,1,NATIONAL,MISC,NULL,0,,0,,NATIONAL,VAT17,0,,
0x0000000000331191,8130,Repairs and Maintenance,REPAIRS AND MAINTENANCE,0,,,0,0,,0,1,0,0,0,2,01/01/2011,,0,,,1,NATIONAL,MISC,NULL,0,,0,,NATIONAL,VAT17,0,,
0x0000000000331192,8190,Total Bldg. Maint. Expenses,TOTAL BLDG. MAINT. EXPENSES,4,,,0,0,,0,0,0,0,0,1,1753-01-01 00:00:00.000,8100..8190,0,,,0,,,NULL,0,,0,,,,0,,
0x0000000000331193,8200,Administrative Expenses,ADMINISTRATIVE EXPENSES,3,,,0,0,,0,0,0,0,0,1,1753-01-01 00:00:00.000,,0,,,0,,,NULL,0,,0,,,,0,,
0x0000000000331194,8210,Office Supplies,OFFICE SUPPLIES,0,,,0,0,,0,1,0,0,0,2,1753-01-01 00:00:00.000,,0,,,1,NATIONAL,MISC,NULL,0,,0,,NATIONAL,VAT17,0,,
0x0000000000331195,8230,Phone and Fax,PHONE AND FAX,0,,,0,0,,0,1,0,0,0,2,1753-01-01 00:00:00.000,,0,,,1,NATIONAL,MISC,NULL,0,,0,,NATIONAL,VAT17,0,,
0x0000000000331196,8240,Postage,POSTAGE,0,,,0,0,,0,1,0,0,0,2,1753-01-01 00:00:00.000,,0,,,1,NATIONAL,NO VAT,NULL,0,,0,,NATIONAL,NO VAT,0,,
0x0000000000331197,8290,Total Administrative Expenses,TOTAL ADMINISTRATIVE EXPENSES,4,,,0,0,,0,0,0,0,0,1,1753-01-01 00:00:00.000,8200..8290,0,,,0,,,NULL,0,,0,,,,0,,
0x0000000000331198,8300,Computer Expenses,COMPUTER EXPENSES,3,,,0,0,,0,0,0,0,0,1,1753-01-01 00:00:00.000,,0,,,0,,,NULL,0,,0,,,,0,,
0x0000000000331199,8310,Software,SOFTWARE,0,,,0,0,,0,1,0,0,0,2,1753-01-01 00:00:00.000,,0,,,1,NATIONAL,MISC,NULL,0,,0,,NATIONAL,VAT17,0,,
0x000000000033119A,8320,Consultant Services,CONSULTANT SERVICES,0,,,0,0,,0,1,0,0,0,2,1753-01-01 00:00:00.000,,0,,,1,NATIONAL,SERVICES,NULL,0,,0,,NATIONAL,VAT5,0,,
0x000000000033119B,8330,Other Computer Expenses,OTHER COMPUTER EXPENSES,0,,,0,0,,0,1,0,0,0,2,1753-01-01 00:00:00.000,,0,,,1,NATIONAL,MISC,NULL,0,,0,,NATIONAL,VAT17,0,,
0x000000000033119C,8390,Total Computer Expenses,TOTAL COMPUTER EXPENSES,4,,,0,0,,0,0,0,0,0,1,1753-01-01 00:00:00.000,8300..8390,0,,,0,,,NULL,0,,0,,,,0,,
0x000000000033119D,8400,Selling Expenses,SELLING EXPENSES,3,,,0,0,,0,0,0,0,0,1,1753-01-01 00:00:00.000,,0,,,0,,,NULL,0,,0,,,,0,,
0x000000000033119E,8410,Advertising,ADVERTISING,0,,,0,0,,0,1,0,0,0,2,01/01/2011,,0,,,1,NATIONAL,MISC,NULL,0,,0,,NATIONAL,VAT17,0,,
0x000000000033119F,8420,Entertainment and PR,ENTERTAINMENT AND PR,0,,,0,0,,0,1,0,0,0,2,01/01/2011,,0,,,1,NATIONAL,MISC,NULL,0,,0,,NATIONAL,VAT17,0,,
0x00000000003311A0,8430,Travel,TRAVEL,0,,,0,0,,0,1,0,0,0,2,01/01/2011,,0,,,1,NATIONAL,NO VAT,NULL,0,,0,,NATIONAL,NO VAT,0,,
0x00000000003311A1,8450,Delivery Expenses,DELIVERY EXPENSES,0,,,0,0,,0,1,0,0,0,2,01/01/2011,,0,,,1,NATIONAL,MISC,NULL,0,,0,,NATIONAL,VAT17,0,,
0x00000000003311A2,8490,Total Selling Expenses,TOTAL SELLING EXPENSES,4,,,0,0,,0,0,0,0,0,1,1753-01-01 00:00:00.000,8400..8490,0,,,0,,,NULL,0,,0,,,,0,,
0x00000000003311A3,8500,Vehicle Expenses,VEHICLE EXPENSES,3,,,0,0,,0,0,0,0,0,1,1753-01-01 00:00:00.000,,0,,,0,,,NULL,0,,0,,,,0,,
0x00000000003311A4,8510,Fuel and Motor Oil,FUEL AND MOTOR OIL,0,,,0,0,,0,1,0,0,0,2,1753-01-01 00:00:00.000,,0,,,1,NATIONAL,MISC,NULL,0,,0,,NATIONAL,VAT17,0,,
0x00000000003311A5,8520,Registration Fees,REGISTRATION FEES,0,,,0,0,,0,1,0,0,0,2,1753-01-01 00:00:00.000,,0,,,1,NATIONAL,NO VAT,NULL,0,,0,,NATIONAL,NO VAT,0,,
0x00000000003311A6,8530,Repairs and Maintenance,REPAIRS AND MAINTENANCE,0,,,0,0,,0,1,0,0,0,2,1753-01-01 00:00:00.000,,0,,,1,NATIONAL,MISC,NULL,0,,0,,NATIONAL,VAT17,0,,
0x00000000003311A7,8590,Total Vehicle Expenses,TOTAL VEHICLE EXPENSES,4,,,0,0,,0,0,0,0,0,1,1753-01-01 00:00:00.000,8500..8590,0,,,0,,,NULL,0,,0,,,,0,,
0x00000000003311A8,8600,Other Operating Expenses,OTHER OPERATING EXPENSES,3,,,0,0,,0,0,0,0,0,1,1753-01-01 00:00:00.000,,0,,,0,,,NULL,0,,0,,,,0,,
0x00000000003311A9,8610,Cash Discrepancies,CASH DISCREPANCIES,0,,,0,0,,0,1,0,0,0,2,1753-01-01 00:00:00.000,,0,,,0,,,NULL,0,,0,,,,0,,
0x00000000003311AA,8620,Bad Debt Expenses,BAD DEBT EXPENSES,0,,,0,0,,0,1,0,0,0,2,1753-01-01 00:00:00.000,,0,,,0,,,NULL,0,,0,,,,0,,
0x00000000003311AB,8630,Legal and Accounting Services,LEGAL AND ACCOUNTING SERVICES,0,,,0,0,,0,1,0,0,0,2,1753-01-01 00:00:00.000,,0,,,1,NATIONAL,MISC,NULL,0,,0,,NATIONAL,VAT17,0,,
0x00000000003311AC,8640,Miscellaneous,MISCELLANEOUS,0,,,0,0,,0,1,0,0,0,2,1753-01-01 00:00:00.000,,0,,,1,NATIONAL,MISC,NULL,0,,0,,NATIONAL,VAT17,0,,
0x00000000003311AD,8690,"Other Operating Exp., Total","OTHER OPERATING EXP., TOTAL",4,,,0,0,,0,0,0,0,0,1,1753-01-01 00:00:00.000,8600..8690,0,,,0,,,NULL,0,,0,,,,0,,
0x00000000003311AE,8695,Total Operating Expenses,TOTAL OPERATING EXPENSES,4,,,0,0,,0,0,0,0,0,0,1753-01-01 00:00:00.000,8000..8695,0,,,0,,,NULL,0,,0,,,,0,,
0x00000000003311AF,8700,Personnel Expenses,PERSONNEL EXPENSES,3,,,0,0,,0,0,0,0,0,0,1753-01-01 00:00:00.000,,0,,,0,,,NULL,0,,0,,,,0,,
0x00000000003311B0,8710,Wages,WAGES,0,,,0,0,,0,1,0,0,0,1,1753-01-01 00:00:00.000,,0,,,0,,,NULL,0,,0,,,,0,,
0x00000000003311B1,8720,Salaries,SALARIES,0,,,0,0,,0,1,0,0,0,1,1753-01-01 00:00:00.000,,0,,,0,,,NULL,0,,0,,,,0,,
0x00000000003311B2,8730,Retirement Plan Contributions,RETIREMENT PLAN CONTRIBUTIONS,0,,,0,0,,0,1,0,0,0,1,1753-01-01 00:00:00.000,,0,,,0,,,NULL,0,,0,,,,0,,
0x00000000003311B3,8740,Vacation Compensation,VACATION COMPENSATION,0,,,0,0,,0,1,0,0,0,1,1753-01-01 00:00:00.000,,0,,,0,,,NULL,0,,0,,,,0,,
0x00000000003311B4,8750,Payroll Taxes,PAYROLL TAXES,0,,,0,0,,0,1,0,0,0,1,1753-01-01 00:00:00.000,,0,,,0,,,NULL,0,,0,,,,0,,
0x00000000003311B5,8790,Total Personnel Expenses,TOTAL PERSONNEL EXPENSES,4,,,0,0,,0,0,0,0,0,0,1753-01-01 00:00:00.000,8700..8790,0,,,0,,,NULL,0,,0,,,,0,,
0x00000000003311B6,8800,Depreciation of Fixed Assets,DEPRECIATION OF FIXED ASSETS,3,,,0,0,,0,0,0,0,0,0,1753-01-01 00:00:00.000,,0,,,0,,,NULL,0,,0,,,,0,,
0x00000000003311B7,8810,"Depreciation, Buildings","DEPRECIATION, BUILDINGS",0,,,0,0,,0,1,0,0,0,1,1753-01-01 00:00:00.000,,0,,,0,,,NULL,0,,0,,,,0,,
0x00000000003311B8,8820,"Depreciation, Equipment","DEPRECIATION, EQUIPMENT",0,,,0,0,,0,1,0,0,0,1,1753-01-01 00:00:00.000,,0,,,0,,,NULL,0,,0,,,,0,,
0x00000000003311B9,8830,"Depreciation, Vehicles","DEPRECIATION, VEHICLES",0,,,0,0,,0,1,0,0,0,1,1753-01-01 00:00:00.000,,0,,,0,,,NULL,0,,0,,,,0,,
0x00000000003311BA,8840,Gains and Losses,GAINS AND LOSSES,0,,,0,0,,0,0,0,0,0,1,1753-01-01 00:00:00.000,,0,,,0,,,NULL,0,,0,,,,0,,
0x00000000003311BB,8890,Total Fixed Asset Depreciation,TOTAL FIXED ASSET DEPRECIATION,4,,,0,0,,0,0,0,0,0,0,1753-01-01 00:00:00.000,8800..8890,0,,,0,,,NULL,0,,0,,,,0,,
0x00000000003311BC,8910,Other Costs of Operations,OTHER COSTS OF OPERATIONS,0,,,0,0,,0,1,0,0,0,0,1753-01-01 00:00:00.000,,0,,,1,NATIONAL,MISC,NULL,0,,0,,NATIONAL,VAT17,0,,
0x00000000003311BD,8995,Net Operating Income,NET OPERATING INCOME,2,,,0,0,,0,0,0,0,1,0,1753-01-01 00:00:00.000,6000..8995,0,,,0,,,NULL,0,,0,,,,0,,
0x00000000003311BE,9100,Interest Income,INTEREST INCOME,3,,,0,0,,0,0,0,0,1,0,1753-01-01 00:00:00.000,,0,,,0,,,NULL,0,,0,,,,0,,
0x00000000003311BF,9110,Interest on Bank Balances,INTEREST ON BANK BALANCES,0,,,0,0,,0,1,0,0,0,1,1753-01-01 00:00:00.000,,0,,,0,,,NULL,0,,0,,,,0,,
0x00000000003311C0,9120,Finance Charges from Customers,FINANCE CHARGES FROM CUSTOMERS,0,,,0,0,,0,1,0,0,0,1,1753-01-01 00:00:00.000,,0,,,2,NATIONAL,NO VAT,NULL,0,,0,,NATIONAL,NO VAT,0,,
0x00000000003311C1,9130,Payment Discounts Received,PAYMENT DISCOUNTS RECEIVED,0,,,0,0,,0,0,0,0,0,1,1753-01-01 00:00:00.000,,0,,,0,,,NULL,0,,0,,,,0,,
0x00000000003311C2,9135,PmtDisc. Received - Decreases,PMTDISC. RECEIVED - DECREASES,0,,,0,0,,0,0,0,0,0,1,1753-01-01 00:00:00.000,,0,,,0,,,NULL,0,,0,,,,0,,
0x00000000003311C3,9140,Invoice Rounding,INVOICE ROUNDING,0,,,0,0,,0,0,0,0,0,1,1753-01-01 00:00:00.000,,0,,,0,NATIONAL,NO VAT,NULL,0,,0,,NATIONAL,NO VAT,0,,
0x00000000003311C4,9150,Application Rounding,APPLICATION ROUNDING,0,,,0,0,,0,0,0,0,0,1,1753-01-01 00:00:00.000,,0,,,0,,,NULL,0,,0,,,,0,,
0x00000000003311C5,9160,Payment Tolerance Received,PAYMENT TOLERANCE RECEIVED,0,,,0,0,,0,0,0,0,0,1,1753-01-01 00:00:00.000,,0,,,0,,,NULL,0,,0,,,,0,,
0x00000000003311C6,9170,Pmt. Tol. Received Decreases,PMT. TOL. RECEIVED DECREASES,0,,,0,0,,0,0,0,0,0,1,1753-01-01 00:00:00.000,,0,,,0,,,NULL,0,,0,,,,0,,
0x00000000003311C7,9190,Total Interest Income,TOTAL INTEREST INCOME,4,,,0,0,,0,0,0,0,0,0,1753-01-01 00:00:00.000,9100..9190,0,,,0,,,NULL,0,,0,,,,0,,
0x00000000003311C8,9200,Interest Expenses,INTEREST EXPENSES,3,,,0,0,,0,0,0,0,0,0,1753-01-01 00:00:00.000,,0,,,0,,,NULL,0,,0,,,,0,,
0x00000000003311C9,9210,Interest on Revolving Credit,INTEREST ON REVOLVING CREDIT,0,,,0,0,,0,1,0,0,0,1,1753-01-01 00:00:00.000,,0,,,0,,,NULL,0,,0,,,,0,,
0x00000000003311CA,9220,Interest on Bank Loans,INTEREST ON BANK LOANS,0,,,0,0,,0,1,0,0,0,1,1753-01-01 00:00:00.000,,0,,,0,,,NULL,0,,0,,,,0,,
0x00000000003311CB,9230,Mortgage Interest,MORTGAGE INTEREST,0,,,0,0,,0,1,0,0,0,1,1753-01-01 00:00:00.000,,0,,,0,,,NULL,0,,0,,,,0,,
0x00000000003311CC,9240,Finance Charges to Vendors,FINANCE CHARGES TO VENDORS,0,,,0,0,,0,1,0,0,0,1,1753-01-01 00:00:00.000,,0,,,0,,,NULL,0,,0,,,,0,,
0x00000000003311CD,9250,Payment Discounts Granted,PAYMENT DISCOUNTS GRANTED,0,,,0,0,,0,0,0,0,0,1,1753-01-01 00:00:00.000,,0,,,0,,,NULL,0,,0,,,,0,,
0x00000000003311CE,9255,PmtDisc. Granted - Decreases,PMTDISC. GRANTED - DECREASES,0,,,0,0,,0,0,0,0,0,1,1753-01-01 00:00:00.000,,0,,,0,,,NULL,0,,0,,,,0,,
0x00000000003311CF,9260,Payment Tolerance Granted,PAYMENT TOLERANCE GRANTED,0,,,0,0,,0,0,0,0,0,1,1753-01-01 00:00:00.000,,0,,,0,,,NULL,0,,0,,,,0,,
0x00000000003311D0,9270,Pmt. Tol. Granted Decreases,PMT. TOL. GRANTED DECREASES,0,,,0,0,,0,0,0,0,0,1,1753-01-01 00:00:00.000,,0,,,0,,,NULL,0,,0,,,,0,,
0x00000000003311D1,9290,Total Interest Expenses,TOTAL INTEREST EXPENSES,4,,,0,0,,0,0,0,0,0,0,1753-01-01 00:00:00.000,9200..9290,0,,,0,,,NULL,0,,0,,,,0,,
0x00000000003311D2,9310,Unrealized FX Gains,UNREALIZED FX GAINS,0,,,0,0,,0,0,0,0,1,0,1753-01-01 00:00:00.000,,0,,,0,,,NULL,0,,0,,,,0,,
0x00000000003311D3,9320,Unrealized FX Losses,UNREALIZED FX LOSSES,0,,,0,0,,0,0,0,0,0,0,1753-01-01 00:00:00.000,,0,,,0,,,NULL,0,,0,,,,0,,
0x00000000003311D4,9330,Realized FX Gains,REALIZED FX GAINS,0,,,0,0,,0,0,0,0,0,0,1753-01-01 00:00:00.000,,0,,,0,,,NULL,0,,0,,,,0,,
0x00000000003311D5,9340,Realized FX Losses,REALIZED FX LOSSES,0,,,0,0,,0,0,0,0,0,0,1753-01-01 00:00:00.000,,0,,,0,,,NULL,0,,0,,,,0,,
0x00000000003311D6,9395,NI BEFORE EXTR. ITEMS & TAXES,NI BEFORE EXTR. ITEMS & TAXES,2,,,0,0,,0,0,0,0,1,0,1753-01-01 00:00:00.000,6000..9395,0,,,0,,,NULL,0,,0,,,,0,,
0x00000000003311D7,9410,Extraordinary Income,EXTRAORDINARY INCOME,0,,,0,0,,0,1,0,0,1,0,1753-01-01 00:00:00.000,,0,,,0,,,NULL,0,,0,,,,0,,
0x00000000003311D8,9420,Extraordinary Expenses,EXTRAORDINARY EXPENSES,0,,,0,0,,0,1,0,0,0,0,1753-01-01 00:00:00.000,,0,,,0,,,NULL,0,,0,,,,0,,
0x00000000003311D9,9495,NET INCOME BEFORE TAXES,NET INCOME BEFORE TAXES,2,,,0,0,,0,0,0,0,0,0,1753-01-01 00:00:00.000,6000..9495,0,,,0,,,NULL,0,,0,,,,0,,
0x00000000003311DA,9510,Corporate Tax,CORPORATE TAX,0,,,0,0,,0,1,0,0,1,0,1753-01-01 00:00:00.000,,0,,,0,,,NULL,0,,0,,,,0,,
0x00000000003311DB,9999,NET INCOME,NET INCOME,2,,,0,0,,0,0,0,0,1,0,1753-01-01 00:00:00.000,6000..9999,0,,,0,,,NULL,0,,0,,,,0,,
