timestamp	No_	No_ 2	Description	Search Description	Description 2	Base Unit of Measure	Price Unit Conversion	Inventory Posting Group	Shelf No_	Item Disc_ Group	Allow Invoice Disc_	Statistics Group	Commission Group	Unit Price	Price_Profit Calculation	Profit _	Costing Method	Unit Cost	Standard Cost	Last Direct Cost	Indirect Cost _	Cost is Adjusted	Allow Online Adjustment	Vendor No_	Vendor Item No_	Lead Time Calculation	Reorder Point	Maximum Inventory	Reorder Quantity	Alternative Item No_	Unit List Price	Duty Due _	Duty Code	Gross Weight	Net Weight	Units per Parcel	Unit Volume	Durability	Freight Type	Tariff No_	Duty Unit Conversion	Country_Region Purchased Code	Budget Quantity	Budgeted Amount	Budget Profit	Blocked	Last Date Modified	Price Includes VAT	VAT Bus_ Posting Gr_ (Price)	Gen_ Prod_ Posting Group	Picture	Country_Region of Origin Code	Automatic Ext_ Texts	No_ Series	Tax Group Code	VAT Prod_ Posting Group	Reserve	Global Dimension 1 Code	Global Dimension 2 Code	Low-Level Code	Lot Size	Serial Nos_	Last Unit Cost Calc_ Date	Rolled-up Material Cost	Rolled-up Capacity Cost	Scrap _	Inventory Value Zero	Discrete Order Quantity	Minimum Order Quantity	Maximum Order Quantity	Safety Stock Quantity	Order Multiple	Safety Lead Time	Flushing Method	Replenishment System	Rounding Precision	Sales Unit of Measure	Purch_ Unit of Measure	Time Bucket	Reordering Policy	Include Inventory	Manufacturing Policy	Manufacturer Code	Item Category Code	Created From Nonstock Item	Product Group Code	Service Item Group	Item Tracking Code	Lot Nos_	Expiration Calculation	Special Equipment Code	Put-away Template Code	Put-away Unit of Measure Code	Phys Invt Counting Period Code	Last Counting Period Update	Next Counting Period	Use Cross-Docking	Reverse Charge Applies	Routing No_	Production BOM No_	Single-Level Material Cost	Single-Level Capacity Cost	Single-Level Subcontrd_ Cost	Single-Level Cap_ Ovhd Cost	Single-Level Mfg_ Ovhd Cost	Overhead Rate	Rolled-up Subcontracted Cost	Rolled-up Mfg_ Ovhd Cost	Rolled-up Cap_ Overhead Cost	Order Tracking Policy	Critical	Common Item No_	Application Wksh_ User ID	Assembly Policy	Rescheduling Period	Lot Accumulation Period	Dampener Period	Dampener Quantity	Overflow Level	Type	Stockout Warning	Prevent Negative Inventory
0x000000000068CBB1	1000		Bicycle	BICYCLE		PCS	0	FINISHED	F4	A	1	0	0	4000	0	91.23515	4	350.594	350.594	363.796	0	1	1				0	0	100		0	0		0	0	0	0				0		0	0	0	0	00:00.0	0		RETAIL	NULL		0			VAT17	1			0	10		00:00.0	274.274	76.32	0	0	0	0	0	0	0		0	1	0.001	PCS	PCS	1	1	1	0			0										1753-01-01 00:00:00.000		1	0	1000	1000	322.994	27.6	0	0	0	0	0	0	0	0	0			0	1	1		0	0	0	0	0
0x000000000068CBB2	1001		Touring Bicycle	TOURING BICYCLE		PCS	0	FINISHED	F5	FINISHED	1	0	0	4000	0	91.23515	4	350.594	350.594	0	0	1	1				0	0	0		0	0		0	0	0	0				0		0	0	0	0	00:00.0	0		RETAIL	NULL		0			VAT17	1			0	10		00:00.0	274.274	76.32	0	0	0	0	0	0	0		0	1	0.001	PCS	PCS		3	0	1			0										1753-01-01 00:00:00.000		1	0	1000	1000	322.994	27.6	0	0	0	0	0	0	0	0	0			0				0	0	0	0	0
0x000000000068CBB3	1100		Front Wheel	FRONT WHEEL		PCS	0	FINISHED	F6	FINISHED	1	0	0	1000	0	87.0329	4	129.671	129.671	129.671	0	1	1	20000		2	100	0	100		0	0		0	0	0	0				0		0	0	0	0	00:00.0	0		RETAIL	NULL		0			VAT17	1			1	10		00:00.0	105.311	24.36	0	0	0	0	0	0	0		0	1	0.001	PCS	PCS	1	1	1	0			0										1753-01-01 00:00:00.000		1	0	1100	1100	116.471	13.2	0	0	0	0	0	0	0	0	0			0	1	1		0	0	0	0	0
0x000000000068CBB4	1110		Rim	RIM		PCS	0	FINISHED	F1	FINISHED	1	0	0	0	0	0	4	1.05	1.05	1.05	0	1	1	1587796	266666		200	0	100		0	0		0	0	0	0				0		0	0	0	0	00:00.0	0		RETAIL	NULL		0			VAT17	1			2	10		1753-01-01 00:00:00.000	1.05	0	5	0	10	5	100	5	2		0	0	0.001	PCS	PCS	1	1	1	0			0										1753-01-01 00:00:00.000		1	0			1.05	0	0	0	0	0	0	0	0	0	0			0	1	1		0	0	0	0	0
0x000000000068CBB5	1120		Spokes	SPOKES		PCS	0	RAW MAT	A1	RAW MAT	1	0	0	0	0	0	4	2	2	2	0	1	1	1587796	45455		5000	0	10000		0	0		0	0	0	0				0		0	0	0	0	00:00.0	0		RAW MAT	NULL		0			VAT17	1			2	10		1753-01-01 00:00:00.000	2	0	5	0	10	5	0	5	2		1	0	0.001	PCS	PCS	1	1	1	0			0										1753-01-01 00:00:00.000		1	0			2	0	0	0	0	0	0	0	0	0	0			0	1	1		0	0	0	0	0
0x000000000068CBB6	1150		Front Hub	FRONT HUB		PCS	0	FINISHED	F7	FINISHED	1	0	0	500	0	97.5118	4	12.441	12.441	12.441	0	1	1				100	0	100		0	0		0	0	0	0				0		0	0	0	0	00:00.0	0		RETAIL	NULL		0			VAT17	1			2	10		00:00.0	1.281	11.16	5	0	10	5	100	5	2		0	1	0.001	PCS	PCS	1	1	1	0			0										1753-01-01 00:00:00.000		1	0	1150	1150	1.281	11.16	0	0	0	0	0	0	0	0	0			0	1	1		0	0	0	0	0
0x000000000068CBB7	1151		Axle Front Wheel	AXLE FRONT WHEEL		PCS	0	RAW MAT	A2	RAW MAT	1	0	0	0	0	0	4	0.45	0.45	0.45	0	1	1	32456123	11111		100	0	100		0	0		0	0	0	0				0		0	0	0	0	00:00.0	0		RAW MAT	NULL		0			VAT17	1			3	10		1753-01-01 00:00:00.000	0.45	0	5	0	10	5	100	5	2		0	0	0.001	PCS	PCS	1	1	1	0			0										1753-01-01 00:00:00.000		1	0			0.45	0	0	0	0	0	0	0	0	0	0			0	1	1		0	0	0	0	0
0x000000000068CBB8	1155		Socket Front	SOCKET FRONT		PCS	0	RAW MAT	A3	RAW MAT	1	0	0	0	0	0	4	0.77	0.77	0.77	0	1	1	32456123	A-12122		100	0	100		0	0		0	0	0	0				0		0	0	0	0	00:00.0	0		RAW MAT	NULL		0			VAT17	1			3	10		1753-01-01 00:00:00.000	0.77	0	5	0	10	5	100	5	2		0	0	0.001	PCS	PCS	1	1	1	0			0										1753-01-01 00:00:00.000		1	0			0.77	0	0	0	0	0	0	0	0	0	0			0	1	1		0	0	0	0	0
0x000000000068CBB9	1160		Tyre	TYRE		PCS	0	RAW MAT	A4	RAW MAT	1	0	0	0	0	0	4	1.23	1.23	1.23	0	1	1	1587796	ADG-4577		100	0	100		0	0		0	0	0	0				0		0	0	0	0	00:00.0	0		RAW MAT	NULL		0			VAT17	1			2	10		1753-01-01 00:00:00.000	1.23	0	5	0	10	5	100	5	2		0	0	0.001	PCS	PCS	1	1	1	0			0										1753-01-01 00:00:00.000		1	0			1.23	0	0	0	0	0	0	0	0	0	0			0	1	1		0	0	0	0	0
0x000000000068CBBA	1170		Tube	TUBE		PCS	0	RAW MAT	A5	RAW MAT	1	0	0	0	0	0	4	1.75	1.75	1.75	0	1	1	1587796	GG-78827		100	0	100		0	0		0	0	0	0				0		0	0	0	0	00:00.0	0		RAW MAT	NULL		0			VAT17	1			2	10		1753-01-01 00:00:00.000	1.75	0	5	0	10	5	100	5	2		0	0	0.001	PCS	PCS	1	1	1	0			0										1753-01-01 00:00:00.000		1	0			1.75	0	0	0	0	0	0	0	0	0	0			0	1	1		0	0	0	0	0
0x000000000068CBBB	1200		Back Wheel	BACK WHEEL		PCS	0	FINISHED	F9	FINISHED	1	0	0	1200	0	89.19321	4	129.6815	129.6815	129.6815	0	1	1				100	0	100		0	0		0	0	0	0				0		0	0	0	0	00:00.0	0		RETAIL	NULL		0			VAT17	1			1	10		00:00.0	105.3215	24.36	0	0	0	0	0	0	0		0	1	0.001	PCS	PCS	1	1	1	0			0										1753-01-01 00:00:00.000		1	0	1200	1200	116.4815	13.2	0	0	0	0	0	0	0	0	0			0	1	1		0	0	0	0	0
0x000000000068CBBC	1250		Back Hub	BACK HUB		PCS	0	FINISHED	F10	FINISHED	1	0	0	1100	0	98.86805	4	12.4515	12.4515	12.4515	0	1	1				100	0	100		0	0		0	0	0	0				0		0	0	0	0	00:00.0	0		RETAIL	NULL		0			VAT17	1			2	10		00:00.0	1.2915	11.16	5	0	0	10	100	0	10		0	1	0.001	PCS	PCS	1	1	1	0			0										1753-01-01 00:00:00.000		1	0	1150	1250	1.2915	11.16	0	0	0	0	0	0	0	0	0			0	1	1		0	0	0	0	0
0x000000000068CBBD	1251		Axle Back Wheel	AXLE BACK WHEEL		PCS	0	RAW MAT	A6	RAW MAT	1	0	0	0	0	0	4	0.33	0.33	0.33	0	1	1	1587796	4577-4555		100	0	100		0	0		0	0	0	0				0		0	0	0	0	00:00.0	0		RAW MAT	NULL		0			VAT17	1			3	10		1753-01-01 00:00:00.000	0.33	0	5	0	10	5	100	5	2		0	0	0.001	PCS	PCS	1	1	1	0			0										1753-01-01 00:00:00.000		1	0			0.33	0	0	0	0	0	0	0	0	0	0			0	1	1		0	0	0	0	0
0x000000000068CBBE	1255		Socket Back	SOCKET BACK		PCS	0	RAW MAT	A7	RAW MAT	1	0	0	0	0	0	4	0.9	0.9	0.9	0	1	1	1587796	WW4577		100	0	100		0	0		0	0	0	0				0		0	0	0	0	00:00.0	0		RAW MAT	NULL		0			VAT17	1			3	10		1753-01-01 00:00:00.000	0.9	0	5	0	10	5	100	5	2		0	0	0.001	PCS	PCS	1	1	1	0			0										1753-01-01 00:00:00.000		1	0			0.9	0	0	0	0	0	0	0	0	0	0			0	1	1		0	0	0	0	0
0x000000000068CBBF	1300		Chain Assy	CHAIN ASSY		PCS	0	FINISHED	F8	FINISHED	1	0	0	800	0	98.35544	4	13.1565	13.1565	13.1565	0	1	1				100	0	100		0	0		0	0	0	0				0		0	0	0	0	00:00.0	0		RETAIL	NULL		0			VAT17	1			1	10		00:00.0	13.1565	0	5	0	0	10	100	0	10		0	1	0.001	PCS	PCS	1	1	1	0			0										1753-01-01 00:00:00.000		1	0		1300	13.1565	0	0	0	0	0	0	0	0	0	0			0	1	1		0	0	0	0	0
0x000000000068CBC0	1310		Chain	CHAIN		PCS	0	FINISHED	F2	FINISHED	1	0	0	0	0	0	4	1.99	1.99	1.99	0	1	1	32456123	HH-45888		100	0	100		0	0		0	0	0	0				0		0	0	0	0	00:00.0	0		RETAIL	NULL		0			VAT17	1			2	10		1753-01-01 00:00:00.000	1.99	0	0	0	10	5	100	5	2		0	0	0.001	PCS	PCS	1	1	1	0			0										1753-01-01 00:00:00.000		1	0			1.99	0	0	0	0	0	0	0	0	0	0			0	1	1		0	0	0	0	0
0x000000000068CBC1	1320		Chain Wheel Front	CHAIN WHEEL FRONT		PCS	0	RAW MAT	A8	RAW MAT	1	0	0	0	0	0	4	4.66	4.66	4.66	0	1	1	32456123	PP-45656		100	0	100		0	0		0	0	0	0				0		0	0	0	0	00:00.0	0		RAW MAT	NULL		0			VAT17	1			2	10		1753-01-01 00:00:00.000	4.66	0	0	0	10	5	100	0	0		0	0	0.001	PCS	PCS	1	1	1	0			0										1753-01-01 00:00:00.000		1	0			4.66	0	0	0	0	0	0	0	0	0	0			0	1	1		0	0	0	0	0
0x000000000068CBC2	1330		Chain Wheel Back	CHAIN WHEEL BACK		PCS	0	RAW MAT	A9	RAW MAT	1	0	0	0	0	0	4	5.88	5.88	5.88	0	1	1	32456123	PP-7397		100	0	100		0	0		0	0	0	0				0		0	0	0	0	00:00.0	0		RAW MAT	NULL		0			VAT17	1			2	10		1753-01-01 00:00:00.000	5.88	0	0	0	0	0	0	0	0		0	0	0.001	PCS	PCS	1	1	1	0			0										1753-01-01 00:00:00.000		1	0			5.88	0	0	0	0	0	0	0	0	0	0			0	1	1		0	0	0	0	0
0x000000000068CBC3	1400		Mudguard front	MUDGUARD FRONT		PCS	0	RAW MAT	A10	RAW MAT	1	0	0	0	0	0	4	3.9	3.9	3.9	0	1	1	32456123	45888		100	0	100		0	0		0	0	0	0				0		0	0	0	0	00:00.0	0		RAW MAT	NULL		0			VAT17	1			1	10		1753-01-01 00:00:00.000	3.9	0	0	0	0	0	0	0	0		0	0	0.001	PCS	PCS	1	1	1	0			0										1753-01-01 00:00:00.000		1	0			3.9	0	0	0	0	0	0	0	0	0	0			0	1	1		0	0	0	0	0
0x000000000068CBC4	1450		Mudguard back	MUDGUARD BACK		PCS	0	RAW MAT	A11	RAW MAT	1	0	0	0	0	0	4	3.9	3.9	3.9	0	1	1	32456123	45889		100	0	100		0	0		0	0	0	0				0		0	0	0	0	00:00.0	0		RAW MAT	NULL		0			VAT17	1			1	10		1753-01-01 00:00:00.000	3.9	0	0	0	0	0	0	0	0		0	0	0.001	PCS	PCS	1	1	1	0			0										1753-01-01 00:00:00.000		1	0			3.9	0	0	0	0	0	0	0	0	0	0			0	1	1		0	0	0	0	0
0x000000000068CBC5	1500		Lamp	LAMP		PCS	0	RAW MAT	A12	RAW MAT	1	0	0	0	0	0	4	5.2	5.2	5.2	0	1	1	45774477	A-4577		100	0	100		0	0		0	0	0	0				0		0	0	0	0	00:00.0	0		RAW MAT	NULL		0			VAT17	1			1	10		1753-01-01 00:00:00.000	5.2	0	0	0	0	0	0	0	0		0	0	0.001	PCS	PCS	1	1	1	0			0										1753-01-01 00:00:00.000		1	0			5.2	0	0	0	0	0	0	0	0	0	0			0	1	1		0	0	0	0	0
0x000000000068CBC6	1600		Bell	BELL		PCS	0	RAW MAT	A13	RAW MAT	1	0	0	0	0	0	4	2.7	2.7	2.7	0	1	1	32456123	2777775		100	0	100		0	0		0	0	0	0				0		0	0	0	0	00:00.0	0		RAW MAT	NULL		0			VAT17	1			1	10		1753-01-01 00:00:00.000	2.7	0	0	0	0	0	0	0	0		0	0	0.001	PCS	PCS	1	1	1	0			0										1753-01-01 00:00:00.000		1	0			2.7	0	0	0	0	0	0	0	0	0	0			0	1	1		0	0	0	0	0
0x000000000068CBC7	1700		Brake	BRAKE		PCS	0	FINISHED	F11	FINISHED	1	0	0	600	0	98.3725	4	9.765	9.765	9.765	0	1	1				100	0	100		0	0		0	0	0	0				0		0	0	0	0	00:00.0	0		RETAIL	NULL		0			VAT17	1			1	10		00:00.0	9.765	0	5	0	0	10	100	0	10		0	1	0.001	PCS	PCS	1	1	1	0			0										1753-01-01 00:00:00.000		1	0		1700	9.765	0	0	0	0	0	0	0	0	0	0			0	1	1		0	0	0	0	0
0x000000000068CBC8	1710		Hand rear wheel Brake	HAND REAR WHEEL BRAKE		PCS	0	FINISHED	F3	FINISHED	1	0	0	0	0	0	4	4.5	4.5	4.5	0	1	1	32456123	88-45888		100	0	100		0	0		0	0	0	0				0		0	0	0	0	00:00.0	0		RETAIL	NULL		0			VAT17	1			2	10		1753-01-01 00:00:00.000	4.5	0	0	0	0	0	0	0	0		0	0	0.001	PCS	PCS	1	1	1	0			0										1753-01-01 00:00:00.000		1	0			4.5	0	0	0	0	0	0	0	0	0	0			0	1	1		0	0	0	0	0
0x000000000068CBC9	1720		Hand front wheel Brake	HAND FRONT WHEEL BRAKE		PCS	0	RAW MAT	A14	RAW MAT	1	0	0	0	0	0	4	4.8	4.8	4.8	0	1	1	1587796	4577-AA		100	0	100		0	0		0	0	0	0				0		0	0	0	0	00:00.0	0		RAW MAT	NULL		0			VAT17	1			2	10		1753-01-01 00:00:00.000	4.8	0	0	0	0	0	0	0	0		0	0	0.001	PCS	PCS	1	1	1	0			0										1753-01-01 00:00:00.000		1	0			4.8	0	0	0	0	0	0	0	0	0	0			0	1	1		0	0	0	0	0
0x000000000068CBCA	1800		Handlebars	HANDLEBARS		PCS	0	RAW MAT	A15	RAW MAT	1	0	0	0	0	0	4	2.12	2.12	2.12	0	1	1	1587796	4577-BB		100	0	100		0	0		0	0	0	0				0		0	0	0	0	00:00.0	0		RAW MAT	NULL		0			VAT17	1			1	10		1753-01-01 00:00:00.000	2.12	0	0	0	0	0	0	0	0		0	0	0.001	PCS	PCS	1	1	1	0			0										1753-01-01 00:00:00.000		1	0			2.12	0	0	0	0	0	0	0	0	0	0			0	1	1		0	0	0	0	0
0x000000000068CBCB	1850		Saddle	SADDLE		PCS	0	RAW MAT	A16	RAW MAT	1	0	0	0	0	0	4	7.2	7.2	7.2	0	1	1	1587796	T5555-FF		100	0	100		0	0		0	0	0	0				0		0	0	0	0	00:00.0	0		RAW MAT	NULL		0			VAT17	1			1	10		1753-01-01 00:00:00.000	7.2	0	0	0	0	0	0	0	0		0	0	0.001	PCS	PCS	1	1	1	0			0										1753-01-01 00:00:00.000		1	0			7.2	0	0	0	0	0	0	0	0	0	0			0	1	1		0	0	0	0	0
0x000000000068CBCC	1896-S		ATHENS Desk	ATHENS DESK		PCS	0	RESALE	D2	RESALE	1	0	0	649.4	0	24.50647	0	490.255	506.6	506.6	0	0	0	30000	30-111		25	0	0		0	0		39.79	34.6	0	1.2			9403 30 11	0		0	0	0	0	00:00.0	0		RETAIL	0x02457D5B8DBD4D8B245B762D78FC95077AA3D6A49B1EEA181C839B35518FDE54E68D99080F8814AF41E3BA0511E0967D3DD479FF404DAAE870484F1101BA53E94D0384C8849B1A6AF6460F1534E20DEE44695E99714B23F53F88DE6BADBD8F59E42DBA3B3CCCDDCCDCDCFDECAFB53FCE87FDAF97C9FFFED33AA5AFECF5C9B6		0			VAT17	1			0	0		1753-01-01 00:00:00.000	506.6	0	0	0	0	0	0	0	0		0	0	1	PCS	PCS		0	0	0			0										1753-01-01 00:00:00.000		1	0			506.6	0	0	0	0	0	0	0	0	0	0			0				0	0	0	0	0
0x000000000068CBCD	1900		Frame	FRAME		PCS	0	RAW MAT	A17	RAW MAT	1	0	0	0	0	0	4	15.7	15.7	15.7	0	1	1	1587796	FR 48888		100	0	100		0	0		0	0	0	0				0		0	0	0	0	00:00.0	0		RAW MAT	NULL		0			VAT17	1			1	10		1753-01-01 00:00:00.000	15.7	0	0	0	0	0	0	0	0		0	0	0.001	PCS	PCS	1	1	1	0			0										1753-01-01 00:00:00.000		1	0			15.7	0	0	0	0	0	0	0	0	0	0			0	1	1		0	0	0	0	0
0x000000000068CBCE	1900-S		PARIS Guest Chair	 black	PARIS GUEST CHAIR	 BLACK		PCS	0	RESALE	D3	RESALE	1	0	0	125.1	0	22.85848	0	96.50404	97.5	97.5	0	0	0	20000	20-121		50	0	0		0	0		9.55	8.3	0	0.25			9401 71 00	0		0	0	0	0	00:00.0	0		RETAIL	NULL		0			VAT17	1			0	0		1753-01-01 00:00:00.000	97.5	0	0	0	0	0	0	0	0		0	0	1	PCS	PCS		0	0	0			0										1753-01-01 00:00:00.000		1	0			97.5	0	0	0	0	0	0	0	0	0	0			0				0	0	0
0x000000000068CBCF	1906-S		ATHENS Mobile Pedestal	ATHENS MOBILE PEDESTAL		PCS	0	RESALE	D4	RESALE	1	0	0	281.4	0	24.36121	0	212.84755	219.5	219.5	0	0	0	30000	30-112		25	0	0		0	0		19.67	17.1	0	0.26			9403 30 91	0		0	0	0	0	00:00.0	0		RETAIL	0x02457D5B85BD416F2B5B72267868246706BD71FF811E9F2C6402F5BCF1AE570D981A641A92D0BA5ED5DAD50009302F94B429CCB281EAC5BD181250CA450EDEDB1ADDB3135063E8027E8BC1005EF6A6016FBCAA8D95F4BBA25E6DBC9BD5009AF8BE2F4E66EAD50C4654924C8A924E64447CF145C43987FFD34DF0AF7F9B85F0		0			VAT17	1			0	0		1753-01-01 00:00:00.000	219.5	0	0	0	0	0	0	0	0		0	0	1	PCS	PCS		0	0	0			0										1753-01-01 00:00:00.000		1	0			219.5	0	0	0	0	0	0	0	0	0	0			0				0	0	0	0	0
0x000000000068CBD0	1908-S		LONDON Swivel Chair	 blue	LONDON SWIVEL CHAIR	 BLUE		PCS	0	RESALE	D5	RESALE	1	0	0	123.3	0	22.93297	0	95.02365	96.1	96.1	0	0	0	30000	30-113		50	0	0		0	0		15.99	13.9	0	0.25			9401 30 10	0		0	0	0	0	00:00.0	0		RETAIL	0x02457D5BA5BDBF8F245B732596F5D03D90D6A1FE81153307790B5DE3D0932580334266A36E02550417A04D8B0B5401955417245A0B7CEBC9111F31FD016F4D62B55E3BF43E632180E63A0208019FF51C4ECFD48F7E166D01025A71CE89B8993DEF9321A8ABB3BAB2BABAFA4646C4891371EF8DFA1F36957FFD77375575673F		0			VAT17	1			0	0		1753-01-01 00:00:00.000	96.1	0	0	0	0	0	0	0	0		0	0	1	PCS	PCS		0	0	0			0										1753-01-01 00:00:00.000		1	0			96.1	0	0	0	0	0	0	0	0	0	0			0				0	0	0
0x000000000068CBD1	1920-S		ANTWERP Conference Table	ANTWERP CONFERENCE TABLE		PCS	0	RESALE	D6	RESALE	1	0	0	420.4	0	24.4529	0	317.6	328	328	0	0	0	20000	20-122		15	0	0		0	0		28.06	24.4	0	0.9			9403 30 19	0		0	0	0	0	00:00.0	0		RETAIL	0x02457D5B75BDCF8B23DB762E1869948FE64DDCFFC06B479808B8C713CF7AD460A989805282D2B4C163F72013144985DCA9DBD49D3CB86F704DA72055B674385943D3EFCD126C53092707C74D7BF8260DA6CDED6AA83BF051DE9392F282F13FD090BDBEEF5B6B47D4B9EF9532A4885048DA6B7F6B7DEBC7DE3BEA7F9C65FEEF		0			VAT17	1			0	0		1753-01-01 00:00:00.000	328	0	0	0	0	0	0	0	0		0	0	1	PCS	PCS		0	0	0			0										1753-01-01 00:00:00.000		1	0			328	0	0	0	0	0	0	0	0	0	0			0				0	0	0	0	0
0x000000000068CBD2	1924-W		CHAMONIX Base Storage Unit	CHAMONIX BASE STORAGE UNIT		PCS	0	FINISHED	F1	FINISHED	1	0	0	136.4	0	40.17595	4	81.6	81.6	81.6	0	0	0	20000		2	150	0	0		0	0		15.77	13.7	0	0.84			9403 30 19	0		0	0	0	0	00:00.0	0		RETAIL	NULL		0			VAT17	1			0	0		1753-01-01 00:00:00.000	81.6	0	0	0	0	0	0	0	0		0	0	1	PCS	PCS		0	0	0			0										1753-01-01 00:00:00.000		1	0			81.6	0	0	0	0	0	0	0	0	0	0			0				0	0	0	0	0
0x000000000068CBD3	1928-S		AMSTERDAM Lamp	AMSTERDAM LAMP		PCS	0	RESALE	D7	RESALE	1	0	0	35.6	0	23.40191	0	27.26892	27.8	27.8	0	1	1	10000	10-101		45	0	0		0	0		4.03	3.5	0	0.03			9405 20 99	0		0	0	0	0	00:00.0	0		RETAIL	NULL		0			VAT17	1			0	0		1753-01-01 00:00:00.000	27.8	0	0	0	0	0	0	0	0		0	0	1	PCS	PCS		0	0	0			0										1753-01-01 00:00:00.000		1	0			27.8	0	0	0	0	0	0	0	0	0	0			0				0	0	0	0	0
0x000000000068CBD4	1928-W		ST.MORITZ Storage Unit/Drawers	ST.MORITZ STORAGE UNIT/DRAWERS		PCS	0	FINISHED	F2	FINISHED	1	0	0	342.1	0	43.87606	4	192	192	191.66458	0	0	0				50	0	0		0	0		26.58	23.1	0	1.29			9403 30 19	0		0	0	0	0	00:00.0	0		RETAIL	0x02457D5BA5BDCF8F23DD72257629240D431BF91F182BF321D350BD8D76B31A40D546E6806CA04A2BADE5014880D9E8A454057B37C09B457F3009344B431A555BC1F6AE364215D0B51818D0723606B4F05B7D1B31F975FDEA8DFE0103E538E7C4BDC9FAF4766E56924C92D5752323E2C489B8712FFFC7B3E0FFFE6D16C29FD9		0			VAT17	1			0	0		1753-01-01 00:00:00.000	192	0	0	0	0	0	0	0	0		0	0	1	PCS	PCS		0	0	0			0										1753-01-01 00:00:00.000		1	0			192	0	0	0	0	0	0	0	0	0	0			0				0	0	0	0	0
0x000000000068CBD5	1936-S		BERLIN Guest Chair	 yellow	BERLIN GUEST CHAIR	 YELLOW		PCS	0	RESALE	D8	RESALE	1	0	0	125.1	0	23.65767	0	95.50425	97.5	97.5	0	0	0	20000	20-123		50	0	0		0	0		9.55	8.3	0	0.25			9401 71 00	0		0	0	0	0	00:00.0	0		RETAIL	NULL		0			VAT17	1			0	0		1753-01-01 00:00:00.000	97.5	0	0	0	0	0	0	0	0		0	0	1	PCS	PCS		0	0	0			0										1753-01-01 00:00:00.000		1	0			97.5	0	0	0	0	0	0	0	0	0	0			0				0	0	0
0x000000000068CBD6	1952-W		OSLO Storage Unit/Shelf	OSLO STORAGE UNIT/SHELF		PCS	0	FINISHED	F3	FINISHED	1	0	0	158.5	0	40.94637	4	93.6	93.6	93.53542	0	0	0				50	0	0		0	0		18.19	15.8	0	1.24			9403 30 19	0		0	0	0	0	00:00.0	0		RETAIL	0x02457D5B75BD518B236B962DA633F435E68219FF81EB911AE930DD2FF3E627C3844CC42155A6CE3CCDF3481001194949E34A9B7EBAD0754089A58B42434451CAC7C13603DDC9C99E2B5D4A09A70DF3785F0C838776359C7918CFB85D95CA7B611EFC6A48EFB5D6FEBE0855F74D29A408A5AA3296D6DE6BEF6F7FFB0BFDB72F		0			VAT17	1			0	0		1753-01-01 00:00:00.000	93.6	0	0	0	0	0	0	0	0		0	0	1	PCS	PCS		0	0	0			0										1753-01-01 00:00:00.000		1	0			93.6	0	0	0	0	0	0	0	0	0	0			0				0	0	0	0	0
0x000000000068CBD7	1960-S		ROME Guest Chair	 green	ROME GUEST CHAIR	 GREEN		PCS	0	RESALE	D9	RESALE	1	0	0	125.1	0	23.18995	0	96.08937	97.5	97.5	0	0	0	20000	20-124		50	0	0		0	0		9.55	8.3	0	0.25			9401 71 00	0		0	0	0	0	00:00.0	0		RETAIL	NULL		0			VAT17	1			0	0		1753-01-01 00:00:00.000	97.5	0	0	0	0	0	0	0	0		0	0	1	PCS	PCS		0	0	0			0										1753-01-01 00:00:00.000		1	0			97.5	0	0	0	0	0	0	0	0	0	0			0				0	0	0
0x000000000068CBD8	1964-S		TOKYO Guest Chair	 blue	TOKYO GUEST CHAIR	 BLUE		PCS	0	RESALE	D10	RESALE	1	0	0	125.1	0	24.48201	0	94.47301	97.5	94.6	0	0	0	20000	20-125		50	0	0		0	0		9.55	8.3	0	0.25			9401 71 00	0		0	0	0	0	00:00.0	0		RETAIL	0x02457D5B6DBD318F23DD72259814580F0339DA3F30AB9B0FF716BE6A47DE5A0B88B5C8FC504980146600D97224605800F9B6F8F6B535C01B6F9D550BCD816A4C6176BD72642CF019D20232C7594058E0594F868AD5DD240B6BE80F2C501BE79C889B59FDD464B2986492BC7123E2C489B891D9FFD3AAF17FFFC3BC697EB0BF		0			VAT17	1			0	0		1753-01-01 00:00:00.000	97.5	0	0	0	0	0	0	0	0		0	0	1	PCS	PCS		0	0	0			0										1753-01-01 00:00:00.000		1	0			97.5	0	0	0	0	0	0	0	0	0	0			0				0	0	0
0x000000000068CBD9	1964-W		INNSBRUCK Storage Unit/G.Door	INNSBRUCK STORAGE UNIT/G.DOOR		PCS	0	FINISHED	F4	FINISHED	1	0	0	292	0	41.36986	4	171.2	171.2	171.10167	0	0	0				50	0	0		0	0		26.02	22.6	0	1.3			9403 30 91	0		0	0	0	0	00:00.0	0		RETAIL	NULL		0			VAT17	1			0	0		1753-01-01 00:00:00.000	171.2	0	0	0	0	0	0	0	0		0	0	1	PCS	PCS		0	0	0			0										1753-01-01 00:00:00.000		1	0			171.2	0	0	0	0	0	0	0	0	0	0			0				0	0	0	0	0
0x000000000068CBDA	1968-S		MEXICO Swivel Chair	 black	MEXICO SWIVEL CHAIR	 BLACK		PCS	0	RESALE	D11	RESALE	1	0	0	123.3	0	22.70381	0	95.3062	96.1	96.1	0	0	0	30000	30-114		50	0	0		0	0		15.99	13.9	0	0.25			9401 30 10	0		0	0	0	0	00:00.0	0		RETAIL	NULL		0			VAT17	1			0	0		1753-01-01 00:00:00.000	96.1	0	0	0	0	0	0	0	0		0	0	1	PCS	PCS		0	0	0			0										1753-01-01 00:00:00.000		1	0			96.1	0	0	0	0	0	0	0	0	0	0			0				0	0	0
0x000000000068CBDB	1968-W		GRENOBLE Whiteboard	 red	GRENOBLE WHITEBOARD	 RED		PCS	0	FINISHED	F5	FINISHED	1	0	0	974.8	0	27.30817	4	708.6	708.6	697.24896	0	0	0				50	0	0		0	0		82.11	0	0	0			9403 30 19	0		0	0	0	0	00:00.0	0		RETAIL	NULL		0			VAT17	1			0	0		1753-01-01 00:00:00.000	708.6	0	0	0	0	0	0	0	0		0	0	1	PCS	PCS		0	0	0			0										1753-01-01 00:00:00.000		1	0			708.6	0	0	0	0	0	0	0	0	0	0			0				0	0	0
0x000000000068CBDC	1972-S		MUNICH Swivel Chair	 yellow	MUNICH SWIVEL CHAIR	 YELLOW		PCS	0	RESALE	D12	RESALE	1	0	0	123.3	0	23.18932	0	94.70757	96.1	96.1	0	1	1	30000	30-115		50	0	0		0	0		15.99	13.9	0	0.25			9401 30 10	0		0	0	0	0	00:00.0	0		RETAIL	NULL		0			VAT17	1			0	0		1753-01-01 00:00:00.000	96.1	0	0	0	0	0	0	0	0		0	0	1	PCS	PCS		0	0	0			0										1753-01-01 00:00:00.000		1	0			96.1	0	0	0	0	0	0	0	0	0	0			0				0	0	0
0x000000000068CBDD	1972-W		SAPPORO Whiteboard	 black	SAPPORO WHITEBOARD	 BLACK		PCS	0	FINISHED	F6	FINISHED	1	0	0	974.8	0	27.30817	4	708.6	708.6	698.19875	0	0	0				50	0	0		0	0		82.11	71.4	0	0.32			9403 30 19	0		0	0	0	0	00:00.0	0		RETAIL	NULL		0			VAT17	1			0	0		1753-01-01 00:00:00.000	708.6	0	0	0	0	0	0	0	0		0	0	1	PCS	PCS		0	0	0			0										1753-01-01 00:00:00.000		1	0			708.6	0	0	0	0	0	0	0	0	0	0			0				0	0	0
0x000000000068CBDE	1976-W		INNSBRUCK Storage Unit/W.Door	INNSBRUCK STORAGE UNIT/W.DOOR		PCS	0	FINISHED	F7	FINISHED	1	0	0	256.1	0	41.19485	4	150.6	150.6	150.3875	0	0	0				50	0	0		0	0		21.88	19	0	1.3			9403 30 91	0		0	0	0	0	00:00.0	0		RETAIL	0x02457D5B85BDCF8B23FB76271865EA0E436F3CFF408FA54704DCF2C6BB590D5839849A54415D33035EFB0D2887888B22EDD41B97370DAF17EFD21228CA0E5D4AB934DDB34B7818A9493D6806BCECCD80F1E5DD5ADC8DBBEAD5AB946AE3E56C0672CEE7F339E71B91D76F9894BE9242524ADF13E79CCFF99CF3FDA1FFE955E6		0			VAT17	1			0	0		1753-01-01 00:00:00.000	150.6	0	0	0	0	0	0	0	0		0	0	1	PCS	PCS		0	0	0			0										1753-01-01 00:00:00.000		1	0			150.6	0	0	0	0	0	0	0	0	0	0			0				0	0	0	0	0
0x000000000068CBDF	1980-S		MOSCOW Swivel Chair	 red	MOSCOW SWIVEL CHAIR	 RED		PCS	0	RESALE	D13	RESALE	1	0	0	123.3	0	23.02254	0	94.91321	96.1	96.1	0	0	0	30000	30-116		50	0	0		0	0		15.99	13.9	0	0.25			9401 30 10	0		0	0	0	0	00:00.0	0		RETAIL	NULL		0			VAT17	1			0	0		1753-01-01 00:00:00.000	96.1	0	0	0	0	0	0	0	0		0	0	1	PCS	PCS		0	0	0			0										1753-01-01 00:00:00.000		1	0			96.1	0	0	0	0	0	0	0	0	0	0			0				0	0	0
0x000000000068CBE0	1984-W		SARAJEVO Whiteboard	 blue	SARAJEVO WHITEBOARD	 BLUE		PCS	0	FINISHED	F8	FINISHED	1	0	0	974.8	0	27.30817	4	708.6	708.6	696.53042	0	0	0				50	0	0		0	0		82.11	71.4	0	0.32			9403 30 19	0		0	0	0	0	00:00.0	0		RETAIL	0x02457D5B6DBDCF8B23DB962E166A24631E86F63FF0DCA14BC4E5D605D3338F0C7D8E49998A82BA8D073DEE495F383ABC505BC2A7460FEE9B990B2FB3897DD14EA837686CCF72E0E6E85221900C3D7C134383695E43D5A04B797E5444280FFD0F18D2EBFBBEB543AAFB5CCA9014CAACCC58B1D6FAD6CFBDF6FFF03AF37FFFDD		0			VAT17	1			0	0		1753-01-01 00:00:00.000	708.6	0	0	0	0	0	0	0	0		0	0	1	PCS	PCS		0	0	0			0										1753-01-01 00:00:00.000		1	0			708.6	0	0	0	0	0	0	0	0	0	0			0				0	0	0
0x000000000068CBE1	1988-S		SEOUL Guest Chair	 red	SEOUL GUEST CHAIR	 RED		PCS	0	RESALE	D14	RESALE	1	0	0	125.1	0	23.34221	0	95.8989	97.5	97.5	0	0	0	20000	20-126		50	0	0		0	0		9.55	8.3	0	0.25			9401 71 00	0		0	0	0	0	00:00.0	0		RETAIL	NULL		0			VAT17	1			0	0		1753-01-01 00:00:00.000	97.5	0	0	0	0	0	0	0	0		0	0	1	PCS	PCS		0	0	0			0										1753-01-01 00:00:00.000		1	0			97.5	0	0	0	0	0	0	0	0	0	0			0				0	0	0
0x000000000068CBE2	1988-W		CALGARY Whiteboard	 yellow	CALGARY WHITEBOARD	 YELLOW		PCS	0	FINISHED	F9	FINISHED	1	0	0	974.8	0	27.30817	4	708.6	708.6	696.08042	0	0	0				50	0	0		0	0		82.11	71.4	0	0.32			9403 30 19	0		0	0	0	0	00:00.0	0		RETAIL	NULL		0			VAT17	1			0	0		1753-01-01 00:00:00.000	708.6	0	0	0	0	0	0	0	0		0	0	1	PCS	PCS		0	0	0			0										1753-01-01 00:00:00.000		1	0			708.6	0	0	0	0	0	0	0	0	0	0			0				0	0	0
0x000000000068CBE3	1992-W		ALBERTVILLE Whiteboard	 green	ALBERTVILLE WHITEBOARD	 GREEN		PCS	0	FINISHED	F10	FINISHED	1	0	0	974.8	0	27.30817	4	708.6	708.6	697.30083	0	0	0				50	0	0		0	0		82.11	71.4	0	0.32			9403 30 19	0		0	0	0	0	00:00.0	0		RETAIL	NULL		0			VAT17	1			0	0		1753-01-01 00:00:00.000	708.6	0	0	0	0	0	0	0	0		0	0	1	PCS	PCS		0	0	0			0										1753-01-01 00:00:00.000		1	0			708.6	0	0	0	0	0	0	0	0	0	0			0				0	0	0
0x000000000068CBE4	1996-S		ATLANTA Whiteboard	 base	ATLANTA WHITEBOARD	 BASE		PCS	0	RESALE	D15	RESALE	1	0	0	906.7	0	23.15001	0	696.79883	707.2	707.2	0	0	0	30000	30-117		100	0	0		0	0		80.27	69.8	0	0.31			9403 30 19	0		0	0	0	0	00:00.0	0		RETAIL	NULL		0			VAT17	1			0	0		1753-01-01 00:00:00.000	707.2	0	0	0	0	0	0	0	0		0	0	1	PCS	PCS		0	0	0			0										1753-01-01 00:00:00.000		1	0			707.2	0	0	0	0	0	0	0	0	0	0			0				0	0	0
0x000000000068CBE5	2000-S		SYDNEY Swivel Chair	 green	SYDNEY SWIVEL CHAIR	 GREEN		PCS	0	RESALE	D16	RESALE	1	0	0	123.3	0	23.59791	0	94.20378	96.1	96.1	0	0	0	30000	30-118		50	0	0		0	0		15.99	13.9	0	0.25			9401 30 10	0		0	0	0	0	00:00.0	0		RETAIL	NULL		0			VAT17	1			0	0		1753-01-01 00:00:00.000	96.1	0	0	0	0	0	0	0	0		0	0	1	PCS	PCS		0	0	0			0										1753-01-01 00:00:00.000		1	0			96.1	0	0	0	0	0	0	0	0	0	0			0				0	0	0
0x000000000068CBE6	70000		Side Panel	SIDE PANEL		PCS	0	RAW MAT	A1	RAW MAT	1	0	0	30.7	0	48.91072	0	15.68441	15.7	15.7	0	1	1	10000	10-102		250	0	0		0	0		2.65	2.3	0	0.04			9403 90 30	0		0	0	0	0	00:00.0	0		RAW MAT	NULL		0			VAT17	1			0	0		1753-01-01 00:00:00.000	15.7	0	0	0	0	0	0	0	0		0	0	1	PCS	PCS		0	0	0			0										1753-01-01 00:00:00.000		1	0			15.7	0	0	0	0	0	0	0	0	0	0			0				0	0	0	0	0
0x000000000068CBE7	70001		Base	BASE		PCS	0	RAW MAT	A2	RAW MAT	1	0	0	40.3	0	48.88357	0	20.59992	20.6	20.6	0	1	1	10000	10-103		250	0	0		0	0		3.22	2.8	0	0.06			9403 90 30	0		0	0	0	0	00:00.0	0		RAW MAT	NULL		0			VAT17	1			0	0		1753-01-01 00:00:00.000	20.6	0	0	0	0	0	0	0	0		0	0	1	PCS	PCS		0	0	0			0										1753-01-01 00:00:00.000		1	0			20.6	0	0	0	0	0	0	0	0	0	0			0				0	0	0	0	0
0x000000000068CBE8	70002		Top Panel 	TOP PANEL		PCS	0	RAW MAT	A3	RAW MAT	1	0	0	28.7	0	49.12892	0	14.6	14.6	14.6	0	1	1	10000	10-104		250	0	0		0	0		2.88	2.5	0	0.04			9403 90 30	0		0	0	0	0	00:00.0	0		RAW MAT	NULL		0			VAT17	1			0	0		1753-01-01 00:00:00.000	14.6	0	0	0	0	0	0	0	0		0	0	1	PCS	PCS		0	0	0			0										1753-01-01 00:00:00.000		1	0			14.6	0	0	0	0	0	0	0	0	0	0			0				0	0	0	0	0
0x000000000068CBE9	70003		Rear Panel	REAR PANEL		PCS	0	RAW MAT	A4	RAW MAT	1	0	0	29.6	0	48.98639	0	15.10003	15.1	15.10005	0	1	1	10000	10-105		250	0	0		0	0		7.02	6.1	0	0.7			9403 90 30	0		0	0	0	0	00:00.0	0		RAW MAT	NULL		0			VAT17	1			0	0		1753-01-01 00:00:00.000	15.1	0	0	0	0	0	0	0	0		0	0	1	PCS	PCS		0	0	0			0										1753-01-01 00:00:00.000		1	0			15.1	0	0	0	0	0	0	0	0	0	0			0				0	0	0	0	0
0x000000000068CBEA	70010		Wooden Door	WOODEN DOOR		PCS	0	RAW MAT	A5	RAW MAT	1	0	0	52.1	0	49.249	0	26.44127	26.5	26.5	0	1	1	10000	10-106		250	0	0		0	0		3.11	2.7	0	0.04			9403 90 30	0		0	0	0	0	00:00.0	0		RAW MAT	NULL		0			VAT17	1			0	0		1753-01-01 00:00:00.000	26.5	0	0	0	0	0	0	0	0		0	0	1	PCS	PCS		0	0	0			0										1753-01-01 00:00:00.000		1	0			26.5	0	0	0	0	0	0	0	0	0	0			0				0	0	0	0	0
0x000000000068CBEB	70011		Glass Door	GLASS DOOR		PCS	0	RAW MAT	A6	RAW MAT	1	0	0	72.3	0	49.12954	0	36.77934	36.9	36.9	0	1	1	10000	10-107		250	0	0		0	0		7.25	6.3	0	0.04			9403 90 90	0		0	0	0	0	00:00.0	0		RAW MAT	NULL		0			VAT17	1			0	0		1753-01-01 00:00:00.000	36.9	0	0	0	0	0	0	0	0		0	0	1	PCS	PCS		0	0	0			0										1753-01-01 00:00:00.000		1	0			36.9	0	0	0	0	0	0	0	0	0	0			0				0	0	0	0	0
0x000000000068CBEC	70040		Drawer	DRAWER		PCS	0	RAW MAT	A7	RAW MAT	1	0	0	108.2	0	49.14921	0	55.02055	55.1	55.1	0	1	1	10000	10-108		250	0	0		0	0		10.81	9.4	0	0.45			9403 90 30	0		0	0	0	0	00:00.0	0		RAW MAT	NULL		0			VAT17	1			0	0		1753-01-01 00:00:00.000	55.1	0	0	0	0	0	0	0	0		0	0	1	PCS	PCS		0	0	0			0										1753-01-01 00:00:00.000		1	0			55.1	0	0	0	0	0	0	0	0	0	0			0				0	0	0	0	0
0x000000000068CBED	70041		Shelf	SHELF		PCS	0	RAW MAT	A8	RAW MAT	1	0	0	23.4	0	49.20825	0	11.88527	11.9	11.9	0	1	1	10000	10-109		250	0	0		0	0		2.42	2.1	0	0.4			9403 90 30	0		0	0	0	0	00:00.0	0		RAW MAT	NULL		0			VAT17	1			0	0		1753-01-01 00:00:00.000	11.9	0	0	0	0	0	0	0	0		0	0	1	PCS	PCS		0	0	0			0										1753-01-01 00:00:00.000		1	0			11.9	0	0	0	0	0	0	0	0	0	0			0				0	0	0	0	0
0x000000000068CBEE	70060		Mounting	MOUNTING		PCS	0	RAW MAT	A9	RAW MAT	1	0	0	13.1	0	51.15718	0	6.39841	6.7	6.7	0	1	1	32456123	10-110		1000	0	0		0	0		1.73	1.5	0	0.05			9403 90 10	0		0	0	0	0	00:00.0	0		RAW MAT	NULL		0			VAT17	1			0	0		1753-01-01 00:00:00.000	6.7	0	0	0	0	0	0	0	0		0	0	1	PCS	PCS		0	0	0			0										1753-01-01 00:00:00.000		1	0			6.7	0	0	0	0	0	0	0	0	0	0			0				0	0	0	0	0
0x000000000068CBAC	70100		Paint	 black	PAINT	 BLACK		CAN	0	RAW MAT	B1	B	1	0	0	2.7	0	48.14815	0	1.4	1.4	1.4	0	0	0	20000	20-127		150	0	0		0	0		1.84	1.6	0	0.01			9999 99 99	0		0	0	0	0	00:00.0	0		RAW MAT	NULL		0			VAT17	1			0	0		1753-01-01 00:00:00.000	1.4	0	0	0	0	0	0	0	0		0	0	1	CAN	CAN		0	0	0			0										1753-01-01 00:00:00.000		1	0			1.4	0	0	0	0	0	0	0	0	0	0			0				0	0	0
0x000000000068CBAD	70101		Paint	 yellow	PAINT	 YELLOW		CAN	0	RAW MAT	B2	B	1	0	0	2.7	0	48.47	0	1.39131	1.4	1.4	0	1	1	20000	20-128		150	0	0		0	0		1.84	1.6	0	0.01			9999 99 99	0		0	0	0	0	00:00.0	0		RAW MAT	NULL		0			VAT17	1			0	0		1753-01-01 00:00:00.000	1.4	0	0	0	0	0	0	0	0		0	0	1	CAN	CAN		0	0	0			0										1753-01-01 00:00:00.000		1	0			1.4	0	0	0	0	0	0	0	0	0	0			0				0	0	0
0x000000000068CBAE	70102		Paint	 blue	PAINT	 BLUE		CAN	0	RAW MAT	B3	B	1	0	0	2.7	0	48.14815	0	1.4	1.4	1.4	0	1	1	20000	20-129		150	0	0		0	0		1.84	1.6	0	0.01			9999 99 99	0		0	0	0	0	00:00.0	0		RAW MAT	0x02457D5B6DBDDF8B23699625689E849C7541792DF53EDBB244E68434A40A1490FDB2D0E18BAC08D32215A5A03D1EFB691FE420EB95C5A61CBA16EA71A760227ADC9A9443E543B3BF60D221AAA98052B0E1CBD4E3BC2C34CB36B390F95064BABB648AC89CFE07167CEF39E77E268FAC76C924992497ECDAB9F7DC73EFF799E9		0			VAT17	1			0	0		1753-01-01 00:00:00.000	1.4	0	0	0	0	0	0	0	0		0	0	1	CAN	CAN		0	0	0			0										1753-01-01 00:00:00.000		1	0			1.4	0	0	0	0	0	0	0	0	0	0			0				0	0	0
0x000000000068CBAF	70103		Paint	 red	PAINT	 RED		CAN	0	RAW MAT	B4	B	1	0	0	2.7	0	48.3637	0	1.39418	1.4	1.4	0	1	1	20000	20-130		150	0	0		0	0		1.84	1.6	0	0.01			9999 99 99	0		0	0	0	0	00:00.0	0		RAW MAT	NULL		0			VAT17	1			0	0		1753-01-01 00:00:00.000	1.4	0	0	0	0	0	0	0	0		0	0	1	CAN	CAN		0	0	0			0										1753-01-01 00:00:00.000		1	0			1.4	0	0	0	0	0	0	0	0	0	0			0				0	0	0
0x000000000068CBB0	70104		Paint	 green	PAINT	 GREEN		CAN	0	RAW MAT	B5	B	1	0	0	2.7	0	48.33	0	1.39509	1.4	1.4	0	1	1	20000	20-131		150	0	0		0	0		1.84	1.6	0	0.01			9999 99 99	0		0	0	0	0	00:00.0	0		RAW MAT	NULL		0			VAT17	1			0	0		1753-01-01 00:00:00.000	1.4	0	0	0	0	0	0	0	0		0	0	1	CAN	CAN		0	0	0			0										1753-01-01 00:00:00.000		1	0			1.4	0	0	0	0	0	0	0	0	0	0			0				0	0	0
0x000000000068CBEF	70200		Hinge	HINGE		PCS	0	RAW MAT	A10	RAW MAT	1	0	0	1.3	0	46.15385	0	0.7	0.7	0.7	0	1	1	10000	10-111		1200	0	0		0	0		0.35	0.3	0	0.01			9403 90 10	0		0	0	0	0	00:00.0	0		RAW MAT	NULL		0			VAT17	1			0	0		1753-01-01 00:00:00.000	0.7	0	0	0	0	0	0	0	0		0	0	1	PCS	PCS		0	0	0			0										1753-01-01 00:00:00.000		1	0			0.7	0	0	0	0	0	0	0	0	0	0			0				0	0	0	0	0
0x000000000068CBF0	70201		Doorknob	DOORKNOB		PCS	0	RAW MAT	A11	RAW MAT	1	0	0	1.2	0	50	0	0.6	0.6	0.6	0	1	1	10000	10-112		1200	0	0		0	0		0.23	0.2	0	0.01			9403 90 30	0		0	0	0	0	00:00.0	0		RAW MAT	NULL		0			VAT17	1			0	0		1753-01-01 00:00:00.000	0.6	0	0	0	0	0	0	0	0		0	0	1	PCS	PCS		0	0	0			0										1753-01-01 00:00:00.000		1	0			0.6	0	0	0	0	0	0	0	0	0	0			0				0	0	0	0	0
0x000000000068CBF1	766BC-A		CONTOSO Conference System	CONTOSO CONFERENCE SYSTEM		PCS	0	FINISHED	F11	A	1	0	0	5413.80034	1	34.99945	4	3519	3519	3519	0	1	1				10	0	0		0	0		119.72	104.1	0	1.47			9403 30 19	0		0	0	0	0	00:00.0	0		RETAIL	NULL		1			VAT17	1			0	0		1753-01-01 00:00:00.000	3519	0	0	0	0	0	0	0	0		0	0	1	PCS	PCS		0	0	0			0										1753-01-01 00:00:00.000		1	0			3519	0	0	0	0	0	0	0	0	0	0			0				0	0	0	0	0
0x000000000068CBF2	766BC-B		CONTOSO Office System	CONTOSO OFFICE SYSTEM		PCS	0	FINISHED	F12	A	1	0	0	1787.5999	1	30.30879	4	1245.8	1245.8	1245.8	0	1	1				10	0	0		0	0		155.96	135.6	0	6.67			9403 30 19	0		0	0	0	0	00:00.0	0		RETAIL	NULL		0			VAT17	1			0	0		1753-01-01 00:00:00.000	1245.8	0	0	0	0	0	0	0	0		0	0	1	PCS	PCS		0	0	0			0										1753-01-01 00:00:00.000		1	0			1245.8	0	0	0	0	0	0	0	0	0	0			0				0	0	0	0	0
0x000000000068CBF3	766BC-C		CONTOSO Storage System	CONTOSO STORAGE SYSTEM		PCS	0	FINISHED	F13	A	1	0	0	944.59998	1	34.99894	4	614	614	614	0	1	1				10	0	0		0	0		94.31	82	0	5.18			9403 30 19	0		0	0	0	0	00:00.0	0		RETAIL	NULL		0			VAT17	1			0	0		1753-01-01 00:00:00.000	614	0	0	0	0	0	0	0	0		0	0	1	PCS	PCS		0	0	0			0										1753-01-01 00:00:00.000		1	0			614	0	0	0	0	0	0	0	0	0	0			0				0	0	0	0	0
0x000000000068CBF4	80001		Computer III 533 MHz	COMPUTER III 533 MHZ		PCS	0	RESALE			1	0	0	12.6	0	53.96825	0	5.8	5.8	5.8	0	1	1	50000			0	0	0		0	0		0	0	0	0				0		0	0	0	0	00:00.0	0		RETAIL	NULL		0			VAT17	1			0	0		1753-01-01 00:00:00.000	5.8	0	0	0	0	0	0	0	0		0	0	1	PCS	PCS		0	0	0			0		DESKTOP	FREEENTRY							1753-01-01 00:00:00.000		1	0			5.8	0	0	0	0	0	0	0	0	0	0			0				0	0	0	0	0
0x000000000068CBF5	80002		Computer III 600 MHz	COMPUTER III 600 MHZ		PCS	0	RESALE			1	0	0	15	0	53.33333	0	7	7	7	0	1	1	50000			0	0	0		0	0		0	0	0	0				0		0	0	0	0	00:00.0	0		RETAIL	NULL		0			VAT17	1			0	0		1753-01-01 00:00:00.000	7	0	0	0	0	0	0	0	0		0	0	1	PCS	PCS		0	0	0			0		DESKTOP	FREEENTRY							1753-01-01 00:00:00.000		1	0			7	0	0	0	0	0	0	0	0	0	0			0				0	0	0	0	0
0x000000000068CBF6	80003		Computer III 733 MHz	COMPUTER III 733 MHZ		PCS	0	RESALE			1	0	0	16.1	0	49.06832	0	8.2	8.2	8.2	0	1	1	50000			0	0	0		0	0		0	0	0	0				0		0	0	0	0	00:00.0	0		RETAIL	NULL		0			VAT17	1			0	0		1753-01-01 00:00:00.000	8.2	0	0	0	0	0	0	0	0		0	0	1	PCS	PCS		0	0	0			0		DESKTOP	FREEENTRY							1753-01-01 00:00:00.000		1	0			8.2	0	0	0	0	0	0	0	0	0	0			0				0	0	0	0	0
0x000000000068CBF7	80004		Computer III 800 MHz	COMPUTER III 800 MHZ		PCS	0	RESALE			1	0	0	17.3	0	46.24277	0	9.3	9.3	9.3	0	1	1	50000			0	0	0		0	0		0	0	0	0				0		0	0	0	0	00:00.0	0		RETAIL	NULL		0			VAT17	1			0	0		1753-01-01 00:00:00.000	9.3	0	0	0	0	0	0	0	0		0	0	1	PCS	PCS		0	0	0			0		DESKTOP	FREEENTRY							1753-01-01 00:00:00.000		1	0			9.3	0	0	0	0	0	0	0	0	0	0			0				0	0	0	0	0
0x000000000068CBF8	80005		Computer III 866 MHz	COMPUTER III 866 MHZ		PCS	0	RESALE			1	0	0	20.8	0	49.51923	0	10.5	10.5	10.5	0	1	1	50000			0	0	0		0	0		0	0	0	0				0		0	0	0	0	00:00.0	0		RETAIL	NULL		0			VAT17	1			0	0		1753-01-01 00:00:00.000	10.5	0	0	0	0	0	0	0	0		0	0	1	PCS	PCS		0	0	0			0		DESKTOP	FREEENTRY							1753-01-01 00:00:00.000		1	0			10.5	0	0	0	0	0	0	0	0	0	0			0				0	0	0	0	0
0x000000000068CBF9	80006		Team Work Computer 533 MHz	TEAM WORK COMPUTER 533 MHZ		PCS	0	RESALE			1	0	0	175.1	0	46.65905	0	93.4	93.4	93.4	0	1	1	50000			0	0	0		0	0		0	0	0	0				0		0	0	0	0	00:00.0	0		RETAIL	NULL		0			VAT17	1			0	0		1753-01-01 00:00:00.000	93.4	0	0	0	0	0	0	0	0		0	0	1	PCS	PCS		0	0	0			0		SERVER	FREEENTRY							1753-01-01 00:00:00.000		1	0			93.4	0	0	0	0	0	0	0	0	0	0			0				0	0	0	0	0
0x000000000068CBFA	80007		Enterprise Computer 667 MHz	ENTERPRISE COMPUTER 667 MHZ		PCS	0	RESALE			1	0	0	247.5	0	48.08081	0	128.5	128.5	128.5	0	1	1	50000			0	0	0		0	0		0	0	0	0				0		0	0	0	0	00:00.0	0		RETAIL	NULL		0			VAT17	1			0	0		1753-01-01 00:00:00.000	128.5	0	0	0	0	0	0	0	0		0	0	1	PCS	PCS		0	0	0			0		SERVER	FREEENTRY							1753-01-01 00:00:00.000		1	0			128.5	0	0	0	0	0	0	0	0	0	0			0				0	0	0	0	0
0x000000000068CBFB	80010		64 MB PC800 ECC	64 MB PC800 ECC		PCS	0	RESALE			1	0	0	9.9	0	41.41414	0	5.8	5.8	5.8	0	1	1	50000			0	0	0		0	0		0	0	0	0				0		0	0	0	0	00:00.0	0		RETAIL	NULL		0			VAT17	1			0	0		1753-01-01 00:00:00.000	5.8	0	0	0	0	0	0	0	0		0	0	1	PCS	PCS		0	0	0			0		MEMORY	FREEENTRY							1753-01-01 00:00:00.000		1	0			5.8	0	0	0	0	0	0	0	0	0	0			0				0	0	0	0	0
0x000000000068CBFC	80011		128 MB PC800 ECC	128 MB PC800 ECC		PCS	0	RESALE			1	0	0	21.6	0	51.38889	0	10.5	10.5	10.5	0	1	1	50000			0	0	0		0	0		0	0	0	0				0		0	0	0	0	00:00.0	0		RETAIL	NULL		0			VAT17	1			0	0		1753-01-01 00:00:00.000	10.5	0	0	0	0	0	0	0	0		0	0	1	PCS	PCS		0	0	0			0		MEMORY	FREEENTRY							1753-01-01 00:00:00.000		1	0			10.5	0	0	0	0	0	0	0	0	0	0			0				0	0	0	0	0
0x000000000068CBFD	80012		256 MB PC800 ECC	256 MB PC800 ECC		PCS	0	RESALE			1	0	0	28.6	0	51.04895	0	14	14	14	0	1	1	50000			0	0	0		0	0		0	0	0	0				0		0	0	0	0	00:00.0	0		RETAIL	NULL		0			VAT17	1			0	0		1753-01-01 00:00:00.000	14	0	0	0	0	0	0	0	0		0	0	1	PCS	PCS		0	0	0			0		MEMORY	FREEENTRY							1753-01-01 00:00:00.000		1	0			14	0	0	0	0	0	0	0	0	0	0			0				0	0	0	0	0
0x000000000068CBFE	80013		384 MB PC800 ECC	384 MB PC800 ECC		PCS	0	RESALE			1	0	0	22.8	0	23.24561	0	17.5	17.5	17.5	0	1	1	50000			0	0	0		0	0		0	0	0	0				0		0	0	0	0	00:00.0	0		RETAIL	NULL		0			VAT17	1			0	0		1753-01-01 00:00:00.000	17.5	0	0	0	0	0	0	0	0		0	0	1	PCS	PCS		0	0	0			0		MEMORY	FREEENTRY							1753-01-01 00:00:00.000		1	0			17.5	0	0	0	0	0	0	0	0	0	0			0				0	0	0	0	0
0x000000000068CBFF	80014		512 MB PC800 ECC	512 MB PC800 ECC		PCS	0	RESALE			1	0	0	36.8	0	49.18478	0	18.7	18.7	18.7	0	1	1	50000			0	0	0		0	0		0	0	0	0				0		0	0	0	0	00:00.0	0		RETAIL	NULL		0			VAT17	1			0	0		1753-01-01 00:00:00.000	18.7	0	0	0	0	0	0	0	0		0	0	1	PCS	PCS		0	0	0			0		MEMORY	FREEENTRY							1753-01-01 00:00:00.000		1	0			18.7	0	0	0	0	0	0	0	0	0	0			0				0	0	0	0	0
0x000000000068CC01	80021		10.2 GB ATA-66 IDE	10.2 GB ATA-66 IDE		PCS	0	RESALE			1	0	0	13.4	0	47.76119	0	7	7	7	0	1	1	50000			0	0	0		0	0		0	0	0	0				0		0	0	0	0	00:00.0	0		RETAIL	NULL		0			VAT17	1			0	0		1753-01-01 00:00:00.000	7	0	0	0	0	0	0	0	0		0	0	1	PCS	PCS		0	0	0			0		HARDDRIVE	FREEENTRY							1753-01-01 00:00:00.000		1	0			7	0	0	0	0	0	0	0	0	0	0			0				0	0	0	0	0
0x000000000068CC02	80022		20.4 GB ATA-66 IDE	20.4 GB ATA-66 IDE		PCS	0	RESALE			1	0	0	21	0	50	0	10.5	10.5	10.5	0	1	1	50000			0	0	0		0	0		0	0	0	0				0		0	0	0	0	00:00.0	0		RETAIL	NULL		0			VAT17	1			0	0		1753-01-01 00:00:00.000	10.5	0	0	0	0	0	0	0	0		0	0	1	PCS	PCS		0	0	0			0		HARDDRIVE	FREEENTRY							1753-01-01 00:00:00.000		1	0			10.5	0	0	0	0	0	0	0	0	0	0			0				0	0	0	0	0
0x000000000068CC03	80023		27GB ATA-66 IDE	27GB ATA-66 IDE		PCS	0	RESALE			1	0	0	25.1	0	49.00398	0	12.8	12.8	12.8	0	1	1	50000			0	0	0		0	0		0	0	0	0				0		0	0	0	0	00:00.0	0		RETAIL	NULL		0			VAT17	1			0	0		1753-01-01 00:00:00.000	12.8	0	0	0	0	0	0	0	0		0	0	1	PCS	PCS		0	0	0			0		HARDDRIVE	FREEENTRY							1753-01-01 00:00:00.000		1	0			12.8	0	0	0	0	0	0	0	0	0	0			0				0	0	0	0	0
0x000000000068CC04	80024		40GB ATA-66 IDE	40GB ATA-66 IDE		PCS	0	RESALE			1	0	0	35.6	0	49.1573	0	18.1	18.1	18.1	0	1	1	50000			0	0	0		0	0		0	0	0	0				0		0	0	0	0	00:00.0	0		RETAIL	NULL		0			VAT17	1			0	0		1753-01-01 00:00:00.000	18.1	0	0	0	0	0	0	0	0		0	0	1	PCS	PCS		0	0	0			0		HARDDRIVE	FREEENTRY							1753-01-01 00:00:00.000		1	0			18.1	0	0	0	0	0	0	0	0	0	0			0				0	0	0	0	0
0x000000000068CC05	80025		9GB Ultra 160/M SCSI	9GB ULTRA 160/M SCSI		PCS	0	RESALE			1	0	0	18.1	0	48.61878	0	9.3	9.3	9.3	0	1	1	50000			0	0	0		0	0		0	0	0	0				0		0	0	0	0	00:00.0	0		RETAIL	NULL		0			VAT17	1			0	0		1753-01-01 00:00:00.000	9.3	0	0	0	0	0	0	0	0		0	0	1	PCS	PCS		0	0	0			0		HARDDRIVE	FREEENTRY							1753-01-01 00:00:00.000		1	0			9.3	0	0	0	0	0	0	0	0	0	0			0				0	0	0	0	0
0x000000000068CC06	80026		18GB Ultra 160/M SCSI	18GB ULTRA 160/M SCSI		PCS	0	RESALE			1	0	0	20.4	0	48.52941	0	10.5	10.5	10.5	0	1	1	50000			0	0	0		0	0		0	0	0	0				0		0	0	0	0	00:00.0	0		RETAIL	NULL		0			VAT17	1			0	0		1753-01-01 00:00:00.000	10.5	0	0	0	0	0	0	0	0		0	0	1	PCS	PCS		0	0	0			0		HARDDRIVE	FREEENTRY							1753-01-01 00:00:00.000		1	0			10.5	0	0	0	0	0	0	0	0	0	0			0				0	0	0	0	0
0x000000000068CC07	80027		36GB Ultra 160/M SCSI	36GB ULTRA 160/M SCSI		PCS	0	RESALE			1	0	0	34.9	0	49.85673	0	17.5	17.5	17.5	0	1	1	50000			0	0	0		0	0		0	0	0	0				0		0	0	0	0	00:00.0	0		RETAIL	NULL		0			VAT17	1			0	0		1753-01-01 00:00:00.000	17.5	0	0	0	0	0	0	0	0		0	0	1	PCS	PCS		0	0	0			0		HARDDRIVE	FREEENTRY							1753-01-01 00:00:00.000		1	0			17.5	0	0	0	0	0	0	0	0	0	0			0				0	0	0	0	0
0x000000000068CBA9	80100		Printing Paper	PRINTING PAPER		BOX	0	RESALE	D1	RESALE	1	0	0	5.7	0	47.36842	3	3	3	3	0	1	1	46558855			0	0	0		0	0		0	12180	0	0			9999 99 99	0		0	0	0	0	00:00.0	0		RETAIL	NULL		0			VAT17	1			0	0		1753-01-01 00:00:00.000	3	0	0	0	0	0	0	0	0		0	0	1	PACK	PALLET		0	0	0			0										1753-01-01 00:00:00.000		1	0			3	0	0	0	0	0	0	0	0	0	0			0				0	0	0	0	0
0x000000000068CC08	80101		"15"" 1501 FP Flat Panel"	"15"" 1501 FP FLAT PANEL"		PCS	0	RESALE			1	0	0	25.1	0	53.38645	0	11.7	11.7	11.7	0	1	1	50000			0	0	0		0	0		0	0	0	0				0		0	0	0	0	00:00.0	0		RETAIL	NULL		0			VAT17	1			0	0		1753-01-01 00:00:00.000	11.7	0	0	0	0	0	0	0	0		0	0	1	PCS	PCS		0	0	0			0		MONITOR	FREEENTRY							1753-01-01 00:00:00.000		1	0			11.7	0	0	0	0	0	0	0	0	0	0			0				0	0	0	0	0
0x000000000068CC09	80102		"17"" M780 Monitor"	"17"" M780 MONITOR"		PCS	0	RESALE			1	0	0	34.5	0	49.27536	0	17.5	17.5	17.5	0	1	1	50000			0	0	0		0	0		0	0	0	0				0		0	0	0	0	00:00.0	0		RETAIL	NULL		0			VAT17	1			0	0		1753-01-01 00:00:00.000	17.5	0	0	0	0	0	0	0	0		0	0	1	PCS	PCS		0	0	0			0		MONITOR	FREEENTRY							1753-01-01 00:00:00.000		1	0			17.5	0	0	0	0	0	0	0	0	0	0			0				0	0	0	0	0
0x000000000068CC0A	80102-T		"17"" M780 Monitor"	"17"" M780 MONITOR"		PCS	0	RESALE	B1-T	RESALE	1	0	0	11.2	0	43.75	0	6.3	6.3	6.3	0	1	1	10000	80102		20	0	0		0	0		19	15.7	0	0.1			9403 90 90	0		0	0	0	0	00:00.0	0		RETAIL	NULL		0			VAT17	1			0	0	SN1	1753-01-01 00:00:00.000	6.3	0	0	0	0	0	0	0	0		0	0	1	PCS	PCS		0	0	0			0			SNALL							1753-01-01 00:00:00.000		1	0			6.3	0	0	0	0	0	0	0	0	0	0			0				0	0	0	0	0
0x000000000068CC0B	80103		"19"" M009 Monitor"	"19"" M009 MONITOR"		PCS	0	RESALE			1	0	0	41.6	0	49.51923	0	21	21	21	0	1	1	50000			0	0	0		0	0		0	0	0	0				0		0	0	0	0	00:00.0	0		RETAIL	NULL		0			VAT17	1			0	0		1753-01-01 00:00:00.000	21	0	0	0	0	0	0	0	0		0	0	1	PCS	PCS		0	0	0			0		MONITOR	FREEENTRY							1753-01-01 00:00:00.000		1	0			21	0	0	0	0	0	0	0	0	0	0			0				0	0	0	0	0
0x000000000068CC0C	80103-T		"19"" M009 Monitor"	"19"" M009 MONITOR"		PCS	0	RESALE	B2-T	RESALE	1	0	0	22.9	0	47.59825	2	12	12	12	0	1	1	10000	80103		10	0	0		0	0		27	22.3	0	0.2			9403 90 90	0		0	0	0	0	00:00.0	0		RETAIL	NULL		0			VAT17	1			0	0		1753-01-01 00:00:00.000	12	0	0	0	0	0	0	0	0		0	0	1	PCS	PCS		0	0	0			0			SNALL							1753-01-01 00:00:00.000		1	0			12	0	0	0	0	0	0	0	0	0	0			0				0	0	0	0	0
0x000000000068CC0D	80104		"21"" UltraScan P1110"	"21"" ULTRASCAN P1110"		PCS	0	RESALE			1	0	0	48.1	0	51.35135	0	23.4	23.4	23.4	0	1	1	50000			0	0	0		0	0		0	0	0	0				0		0	0	0	0	00:00.0	0		RETAIL	NULL		0			VAT17	1			0	0		1753-01-01 00:00:00.000	23.4	0	0	0	0	0	0	0	0		0	0	1	PCS	PCS		0	0	0			0		MONITOR	FREEENTRY							1753-01-01 00:00:00.000		1	0			23.4	0	0	0	0	0	0	0	0	0	0			0				0	0	0	0	0
0x000000000068CC0E	80105		"24"" Ultrascan"	"24"" ULTRASCAN"		PCS	0	RESALE			1	0	0	54.8	0	50.91241	0	26.9	26.9	26.9	0	1	1	50000			0	0	0		0	0		0	0	0	0				0		0	0	0	0	00:00.0	0		RETAIL	NULL		0			VAT17	1			0	0		1753-01-01 00:00:00.000	26.9	0	0	0	0	0	0	0	0		0	0	1	PCS	PCS		0	0	0			0		MONITOR	FREEENTRY							1753-01-01 00:00:00.000		1	0			26.9	0	0	0	0	0	0	0	0	0	0			0				0	0	0	0	0
0x000000000068CC0F	80201		GRAPHIC PROGRAM	GRAPHIC PROGRAM		PCS	0	RESALE			1	0	0	4.2	0	45.2381	0	2.3	2.3	2.3	0	1	1	50000			0	0	0		0	0		0	0	0	0				0		0	0	0	0	00:00.0	0		RETAIL	NULL		0			VAT17	1			0	0		1753-01-01 00:00:00.000	2.3	0	0	0	0	0	0	0	0		0	0	1	PCS	PCS		0	0	0			0		GRAPHICS	FREEENTRY							1753-01-01 00:00:00.000		1	0			2.3	0	0	0	0	0	0	0	0	0	0			0				0	0	0	0	0
0x000000000068CC10	80202		Chip 32 MB	CHIP 32 MB		PCS	0	RESALE			1	0	0	5.3	0	47.16981	0	2.8	2.8	2.8	0	1	1	50000			0	0	0		0	0		0	0	0	0				0		0	0	0	0	00:00.0	0		RETAIL	NULL		0			VAT17	1			0	0		1753-01-01 00:00:00.000	2.8	0	0	0	0	0	0	0	0		0	0	1	PCS	PCS		0	0	0			0		GRAPHICS	FREEENTRY							1753-01-01 00:00:00.000		1	0			2.8	0	0	0	0	0	0	0	0	0	0			0				0	0	0	0	0
0x000000000068CC11	80203		Graphic Card 9400	GRAPHIC CARD 9400		PCS	0	RESALE			1	0	0	6.8	0	48.52941	0	3.5	3.5	3.5	0	1	1	50000			0	0	0		0	0		0	0	0	0				0		0	0	0	0	00:00.0	0		RETAIL	NULL		0			VAT17	1			0	0		1753-01-01 00:00:00.000	3.5	0	0	0	0	0	0	0	0		0	0	1	PCS	PCS		0	0	0			0		GRAPHICS	FREEENTRY							1753-01-01 00:00:00.000		1	0			3.5	0	0	0	0	0	0	0	0	0	0			0				0	0	0	0	0
0x000000000068CC12	80204		Ultra 160/M SCSI Controller	ULTRA 160/M SCSI CONTROLLER		PCS	0	RESALE			1	0	0	6.8	0	48.52941	0	3.5	3.5	3.5	0	1	1	50000			0	0	0		0	0		0	0	0	0				0		0	0	0	0	00:00.0	0		RETAIL	NULL		0			VAT17	1			0	0		1753-01-01 00:00:00.000	3.5	0	0	0	0	0	0	0	0		0	0	1	PCS	PCS		0	0	0			0		CONTROLLER	FREEENTRY							1753-01-01 00:00:00.000		1	0			3.5	0	0	0	0	0	0	0	0	0	0			0				0	0	0	0	0
0x000000000068CC13	80205		10MBit Ethernet	10MBIT ETHERNET		PCS	0	RESALE			1	0	0	4	0	42.5	0	2.3	2.3	2.3	0	1	1	50000			0	0	0		0	0		0	0	0	0				0		0	0	0	0	00:00.0	0		RETAIL	NULL		0			VAT17	1			0	0		1753-01-01 00:00:00.000	2.3	0	0	0	0	0	0	0	0		0	0	1	PCS	PCS		0	0	0			0		NETWCARD	FREEENTRY							1753-01-01 00:00:00.000		1	0			2.3	0	0	0	0	0	0	0	0	0	0			0				0	0	0	0	0
0x000000000068CC14	80206		Webcam	WEBCAM		PCS	0	RESALE			1	0	0	1.4	0	50	0	0.7	0.7	0.7	0	1	1	50000			0	0	0		0	0		0	0	0	0				0		0	0	0	0	00:00.0	0		RETAIL	NULL		0			VAT17	1			0	0		1753-01-01 00:00:00.000	0.7	0	0	0	0	0	0	0	0		0	0	1	PCS	PCS		0	0	0			0		MOUSE	FREEENTRY							1753-01-01 00:00:00.000		1	0			0.7	0	0	0	0	0	0	0	0	0	0			0				0	0	0	0	0
0x000000000068CC15	80207		Basic Mouse	BASIC MOUSE		PCS	0	RESALE			1	0	0	2.9	0	58.62069	0	1.2	1.2	1.2	0	1	1	50000			0	0	0		0	0		0	0	0	0				0		0	0	0	0	00:00.0	0		RETAIL	NULL		0			VAT17	1			0	0		1753-01-01 00:00:00.000	1.2	0	0	0	0	0	0	0	0		0	0	1	PCS	PCS		0	0	0			0		MOUSE	FREEENTRY							1753-01-01 00:00:00.000		1	0			1.2	0	0	0	0	0	0	0	0	0	0			0				0	0	0	0	0
0x000000000068CC16	80208		Advamced Mouse	ADVAMCED MOUSE		PCS	0	RESALE			1	0	0	2.1	0	47.61905	0	1.1	1.1	1.1	0	1	1	50000			0	0	0		0	0		0	0	0	0				0		0	0	0	0	00:00.0	0		RETAIL	NULL		0			VAT17	1			0	0		1753-01-01 00:00:00.000	1.1	0	0	0	0	0	0	0	0		0	0	1	PCS	PCS		0	0	0			0		MOUSE	FREEENTRY							1753-01-01 00:00:00.000		1	0			1.1	0	0	0	0	0	0	0	0	0	0			0				0	0	0	0	0
0x000000000068CC17	80208-T		Microsoft Intellimouse	MICROSOFT INTELLIMOUSE		PCS	0	RESALE	B3-T	RESALE	1	0	0	2.9	0	31.03448	0	2	2	2	0	1	1	10000	80208		160	0	0		0	0		0.2	0.015	0	0.001			9403 90 90	0		0	0	0	0	00:00.0	0		RETAIL	NULL		0			VAT17	1			0	0	SN2	1753-01-01 00:00:00.000	2	0	0	0	0	0	0	0	0		0	0	1	PCS	PCS		0	0	0			0			SNSALES							1753-01-01 00:00:00.000		1	0			2	0	0	0	0	0	0	0	0	0	0			0				0	0	0	0	0
0x000000000068CC18	80209		20/48x IDE CD ROM	20/48X IDE CD ROM		PCS	0	RESALE			1	0	0	17.5	0	33.14286	0	11.7	11.7	11.7	0	1	1	50000			0	0	0		0	0		0	0	0	0				0		0	0	0	0	00:00.0	0		RETAIL	NULL		0			VAT17	1			0	0		1753-01-01 00:00:00.000	11.7	0	0	0	0	0	0	0	0		0	0	1	PCS	PCS		0	0	0			0		CD ROM	FREEENTRY							1753-01-01 00:00:00.000		1	0			11.7	0	0	0	0	0	0	0	0	0	0			0				0	0	0	0	0
0x000000000068CC19	80210		8x/4x/32x IDE CD Read-Write	8X/4X/32X IDE CD READ-WRITE		PCS	0	RESALE			1	0	0	32.7	0	28.44037	0	23.4	23.4	23.4	0	1	1	50000			0	0	0		0	0		0	0	0	0				0		0	0	0	0	00:00.0	0		RETAIL	NULL		0			VAT17	1			0	0		1753-01-01 00:00:00.000	23.4	0	0	0	0	0	0	0	0		0	0	1	PCS	PCS		0	0	0			0		CD ROM	FREEENTRY							1753-01-01 00:00:00.000		1	0			23.4	0	0	0	0	0	0	0	0	0	0			0				0	0	0	0	0
0x000000000068CC1A	80211		Quietkey Keyboard	QUIETKEY KEYBOARD		PCS	0	RESALE			1	0	0	5.8	0	50	0	2.9	2.9	2.9	0	1	1	50000			0	0	0		0	0		0	0	0	0				0		0	0	0	0	00:00.0	0		RETAIL	NULL		0			VAT17	1			0	0		1753-01-01 00:00:00.000	2.9	0	0	0	0	0	0	0	0		0	0	1	PCS	PCS		0	0	0			0		KEYBOARD	FREEENTRY							1753-01-01 00:00:00.000		1	0			2.9	0	0	0	0	0	0	0	0	0	0			0				0	0	0	0	0
0x000000000068CC1B	80212		Performance Keyboard	PERFORMANCE KEYBOARD		PCS	0	RESALE			1	0	0	9.9	0	52.52525	0	4.7	4.7	4.7	0	1	1	50000			0	0	0		0	0		0	0	0	0				0		0	0	0	0	00:00.0	0		RETAIL	NULL		0			VAT17	1			0	0		1753-01-01 00:00:00.000	4.7	0	0	0	0	0	0	0	0		0	0	1	PCS	PCS		0	0	0			0		KEYBOARD	FREEENTRY							1753-01-01 00:00:00.000		1	0			4.7	0	0	0	0	0	0	0	0	0	0			0				0	0	0	0	0
0x000000000068CC1C	80213		Drive250	DRIVE 250		PCS	0	RESALE			1	0	0	13.4	0	64.92537	0	4.7	4.7	4.7	0	1	1	50000			0	0	0		0	0		0	0	0	0				0		0	0	0	0	00:00.0	0		RETAIL	NULL		0			VAT17	1			0	0		1753-01-01 00:00:00.000	4.7	0	0	0	0	0	0	0	0		0	0	1	PCS	PCS		0	0	0			0		ZIPDRIVE	FREEENTRY							1753-01-01 00:00:00.000		1	0			4.7	0	0	0	0	0	0	0	0	0	0			0				0	0	0	0	0
0x000000000068CC1D	80214		250MB Disks/2pack	250MB DISKS/2PACK		PCS	0	RESALE			1	0	0	2.6	0	53.84615	0	1.2	1.2	1.2	0	1	1	50000			0	0	0		0	0		0	0	0	0				0		0	0	0	0	00:00.0	0		RETAIL	NULL		0			VAT17	1			0	0		1753-01-01 00:00:00.000	1.2	0	0	0	0	0	0	0	0		0	0	1	PCS	PCS		0	0	0			0			FREEENTRY							1753-01-01 00:00:00.000		1	0			1.2	0	0	0	0	0	0	0	0	0	0			0				0	0	0	0	0
0x000000000068CC1E	80215		250MB Disks/4pack	250MB DISKS/4PACK		PCS	0	RESALE			1	0	0	4.6	0	50	0	2.3	2.3	2.3	0	1	1	50000			0	0	0		0	0		0	0	0	0				0		0	0	0	0	00:00.0	0		RETAIL	NULL		0			VAT17	1			0	0		1753-01-01 00:00:00.000	2.3	0	0	0	0	0	0	0	0		0	0	1	PCS	PCS		0	0	0			0			FREEENTRY							1753-01-01 00:00:00.000		1	0			2.3	0	0	0	0	0	0	0	0	0	0			0				0	0	0	0	0
0x000000000068CC1F	80216		Ethernet Cable	ETHERNET CABLE		PCS	0	RESALE			1	0	0	0.4	0	75	0	0.1	0.1	0.1	0	1	1	50000			0	0	0		0	0		0	0	0	0				0		0	0	0	0	00:00.0	0		RETAIL	NULL		0			VAT17	1			0	0		1753-01-01 00:00:00.000	0.1	0	0	0	0	0	0	0	0		0	0	1	PCS	PCS		0	0	0			0		MISCACCESS	FREEENTRY							1753-01-01 00:00:00.000		1	0			0.1	0	0	0	0	0	0	0	0	0	0			0				0	0	0	0	0
0x000000000068CC20	80216-T		Ethernet Cable	ETHERNET CABLE		PCS	0	RESALE	B4-T	RESALE	1	0	0	0.8	0	37.5	0	0.5	0.5	0.5	0	1	1	10000	80216		200	0	0		0	0		0.1	0.007	0	0.0002			9403 90 90	0		0	0	0	0	00:00.0	0		RETAIL	NULL		0			VAT17	1			0	0		1753-01-01 00:00:00.000	0.5	0	0	0	0	0	0	0	0		0	0	1	PCS	PCS		0	0	0			0			LOTALL	LOT						1753-01-01 00:00:00.000		1	0			0.5	0	0	0	0	0	0	0	0	0	0			0				0	0	0	0	0
0x000000000068CC21	80217		Power Supply Cable	POWER SUPPLY CABLE		PCS	0	RESALE			1	0	0	0.5	0	60	0	0.2	0.2	0.2	0	1	1	50000			0	0	0		0	0		0	0	0	0				0		0	0	0	0	00:00.0	0		RETAIL	NULL		0			VAT17	1			0	0		1753-01-01 00:00:00.000	0.2	0	0	0	0	0	0	0	0		0	0	1	PCS	PCS		0	0	0			0		MISCACCESS	FREEENTRY							1753-01-01 00:00:00.000		1	0			0.2	0	0	0	0	0	0	0	0	0	0			0				0	0	0	0	0
0x000000000068CC22	80218		Hard Disk Drive	HARD DISK DRIVE		PCS	0	RESALE			1	0	0	4.6	0	50	0	2.3	2.3	2.3	0	1	1	50000			0	0	0		0	0		0	0	0	0				0		0	0	0	0	00:00.0	0		RETAIL	NULL		0			VAT17	1			0	0		1753-01-01 00:00:00.000	2.3	0	0	0	0	0	0	0	0		0	0	1	PCS	PCS		0	0	0			0		HARDDRIVE	FREEENTRY							1753-01-01 00:00:00.000		1	0			2.3	0	0	0	0	0	0	0	0	0	0			0				0	0	0	0	0
0x000000000068CC23	80218-T		Hard disk Drive	HARD DISK DRIVE		PCS	0	RESALE	B5-T	RESALE	1	0	0	22.9	0	18.34061	0	18.7	18.7	18.7	0	1	1	10000	80218		50	0	0		0	0		1.2	0.87	0	0.0017			9403 90 90	0		0	0	0	0	00:00.0	0		RETAIL	NULL		0			VAT17	1			0	0		1753-01-01 00:00:00.000	18.7	0	0	0	0	0	0	0	0		0	0	1	PCS	PCS		0	0	0			0			LOTSNSALES	LOT						1753-01-01 00:00:00.000		1	0			18.7	0	0	0	0	0	0	0	0	0	0			0				0	0	0	0	0
0x000000000068CC24	80219		Screw on Hard Drive Mounting	SCREW ON HARD DRIVE MOUNTING		PCS	0	RESALE			1	0	0	0	0	0	0	0	0	0	0	1	1	50000			0	0	0		0	0		0	0	0	0				0		0	0	0	0	00:00.0	0		RETAIL	NULL		0			VAT17	1			0	0		1753-01-01 00:00:00.000	0	0	0	0	0	0	0	0	0		0	0	1	PCS	PCS		0	0	0			0		MISCACCESS	FREEENTRY							1753-01-01 00:00:00.000		1	0			0	0	0	0	0	0	0	0	0	0	0			0				0	0	0	0	0
0x000000000068CC25	80220		Screw on Mount CD/Tape Drive	SCREW ON MOUNT CD/TAPE DRIVE		PCS	0	RESALE			1	0	0	0	0	0	0	0	0	0	0	1	1	50000			0	0	0		0	0		0	0	0	0				0		0	0	0	0	00:00.0	0		RETAIL	NULL		0			VAT17	1			0	0		1753-01-01 00:00:00.000	0	0	0	0	0	0	0	0	0		0	0	1	PCS	PCS		0	0	0			0		MISCACCESS	FREEENTRY							1753-01-01 00:00:00.000		1	0			0	0	0	0	0	0	0	0	0	0	0			0				0	0	0	0	0
0x000000000068CC26	8904-W		Computer - Basic Package	COMPUTER - BASIC PACKAGE		PCS	0	RESALE			1	0	0	65.3	0	100	0	0	0	0	0	1	1	50000			0	0	0		0	0		0	0	0	0				0		0	0	0	0	00:00.0	0		RETAIL	NULL		0			VAT17	1			0	0		1753-01-01 00:00:00.000	0	0	0	0	0	0	0	0	0		0	0	1	PCS	PCS		0	0	0			0		DESKTOP	FREEENTRY							1753-01-01 00:00:00.000		1	0			0	0	0	0	0	0	0	0	0	0	0			0				0	0	0	0	0
0x000000000068CC27	8908-W		Computer - Highline Package	COMPUTER - HIGHLINE PACKAGE		PCS	0	RESALE			1	0	0	114.2	0	100	0	0	0	0	0	1	1	50000			0	0	0		0	0		0	0	0	0				0		0	0	0	0	00:00.0	0		RETAIL	NULL		0			VAT17	1			0	0		1753-01-01 00:00:00.000	0	0	0	0	0	0	0	0	0		0	0	1	PCS	PCS		0	0	0			0		DESKTOP	FREEENTRY							1753-01-01 00:00:00.000		1	0			0	0	0	0	0	0	0	0	0	0	0			0				0	0	0	0	0
0x000000000068CC28	8912-W		Computer - Trendy Package	COMPUTER - TRENDY PACKAGE		PCS	0	RESALE			1	0	0	148.4	0	100	0	0	0	0	0	1	1	50000			0	0	0		0	0		0	0	0	0				0		0	0	0	0	00:00.0	0		RETAIL	NULL		0			VAT17	1			0	0		1753-01-01 00:00:00.000	0	0	0	0	0	0	0	0	0		0	0	1	PCS	PCS		0	0	0			0		DESKTOP	FREEENTRY							1753-01-01 00:00:00.000		1	0			0	0	0	0	0	0	0	0	0	0	0			0				0	0	0	0	0
0x000000000068CC29	8916-W		Computer - TURBO Package	COMPUTER - TURBO PACKAGE		PCS	0	RESALE			1	0	0	187.1	0	100	0	0	0	0	0	1	1	50000			0	0	0		0	0		0	0	0	0				0		0	0	0	0	00:00.0	0		RETAIL	NULL		0			VAT17	1			0	0		1753-01-01 00:00:00.000	0	0	0	0	0	0	0	0	0		0	0	1	PCS	PCS		0	0	0			0		DESKTOP	FREEENTRY							1753-01-01 00:00:00.000		1	0			0	0	0	0	0	0	0	0	0	0	0			0				0	0	0	0	0
0x000000000068CC2A	8920-W		Server - Teamwear Package	SERVER - TEAMWEAR PACKAGE		PCS	0	RESALE			1	0	0	257.3	0	100	0	0	0	0	0	1	1	50000			0	0	0		0	0		0	0	0	0				0		0	0	0	0	00:00.0	0		RETAIL	NULL		0			VAT17	1			0	0		1753-01-01 00:00:00.000	0	0	0	0	0	0	0	0	0		0	0	1	PCS	PCS		0	0	0			0		SERVER	FREEENTRY							1753-01-01 00:00:00.000		1	0			0	0	0	0	0	0	0	0	0	0	0			0				0	0	0	0	0
0x000000000068CC2B	8924-W		Server - Enterprise Package	SERVER - ENTERPRISE PACKAGE		PCS	0	RESALE			1	0	0	346.3	0	100	0	0	0	0	0	1	1	50000			0	0	0		0	0		0	0	0	0				0		0	0	0	0	00:00.0	0		RETAIL	NULL		0			VAT17	1			0	0		1753-01-01 00:00:00.000	0	0	0	0	0	0	0	0	0		0	0	1	PCS	PCS		0	0	0			0		SERVER	FREEENTRY							1753-01-01 00:00:00.000		1	0			0	0	0	0	0	0	0	0	0	0	0			0				0	0	0	0	0
0x000000000068CC2C	C-100		Cabling for LS-100	CABLING FOR LS-100		PCS	0	RESALE			1	0	0	21	0	28.57143	0	15	15	15	0	1	1				0	0	0		0	0		0	0	0	0				0		0	0	0	0	00:00.0	0		RETAIL	NULL		0			VAT17	1			1	0		1753-01-01 00:00:00.000	15	0	0	0	0	0	0	0	0		0	0	1	PCS	PCS		1	1	0			0								PCS		1753-01-01 00:00:00.000		1	0			15	0	0	0	0	0	0	0	0	0	0			0				0	0	0	0	0
0x000000000068CC2D	FF-100		Frequency filter for LS-100	FREQUENCY FILTER FOR LS-100		PCS	0	RESALE			1	0	0	21	0	28.57143	0	15	15	15	0	1	1				0	0	0		0	0		0	0	0	0				0		0	0	0	0	00:00.0	0		RETAIL	NULL		0			VAT17	1			1	0		1753-01-01 00:00:00.000	15	0	0	0	0	0	0	0	0		0	0	1	PCS	PCS		1	1	0			0								PCS		1753-01-01 00:00:00.000		1	0			15	0	0	0	0	0	0	0	0	0	0			0				0	0	0	0	0
0x000000000068CC2E	HS-100		Housing LS-100	Oakwood 120 lts	HOUSING LS-100	OAKWOOD 120 LTS		PCS	0	RESALE			1	0	0	21	0	28.57143	0	15	15	15	0	1	1				0	0	0		0	0		0	0	0	0				0		0	0	0	0	00:00.0	0		RETAIL	NULL		0			VAT17	1			1	0		1753-01-01 00:00:00.000	15	0	0	0	0	0	0	0	0		0	0	1	PCS	PCS		1	1	0			0								PCS		1753-01-01 00:00:00.000		1	0			15	0	0	0	0	0	0	0	0	0	0			0				0	0	0
0x000000000068CC2F	LS-100		Loudspeaker 100W OakwoodDeluxe	LOUDSPEAKER 100W OAKWOODDELUXE		PCS	0	RESALE			1	0	0	21	0	28.57143	0	15	150	15	0	1	1				0	0	0		0	0		0	0	0	0				0		0	0	0	0	00:00.0	0		RETAIL	NULL		0			VAT17	1			0	0		00:00.0	150	0	0	0	0	0	0	0	0		0	1	1	PCS	PCS		1	1	0			0								PCS		1753-01-01 00:00:00.000		1	0		LS-100	150	0	0	0	0	0	0	0	0	0	0			0				0	0	0	0	0
0x000000000068CBAA	LS-10PC		Loudspeakers	 White for PC	LOUDSPEAKERS	 WHITE FOR PC		BOX	0	RESALE			1	0	0	59	0	57.62712	0	25	25	25	0	1	1				0	0	0		0	0		0	0	0	0				0		0	0	0	0	00:00.0	0		RETAIL	NULL		0			VAT17	1			0	0		1753-01-01 00:00:00.000	25	0	0	0	0	0	0	0	0		0	0	1	BOX	BOX		0	0	0			0								BOX		1753-01-01 00:00:00.000		1	0			25	0	0	0	0	0	0	0	0	0	0			0				0	0	0
0x000000000068CC30	LS-120		Loudspeaker	 Black	 120W	LOUDSPEAKER	 BLACK	 120W		PCS	0	RESALE			1	0	0	88	0	58.4517	0	36.5625	45	45	0	1	1				0	0	0		0	0		0	0	0	0				0		0	0	0	0	00:00.0	0		RETAIL	NULL		0			VAT17	1			0	0		1753-01-01 00:00:00.000	45	0	0	0	0	0	0	0	0		0	0	1	PCS	PCS		0	0	0			0								PCS		1753-01-01 00:00:00.000		1	0			45	0	0	0	0	0	0	0	0	0	0			0				0
0x000000000068CC31	LS-150		Loudspeaker	 Cherry	 150W	LOUDSPEAKER	 CHERRY	 150W		PCS	0	RESALE			1	0	0	129	0	44.18605	0	72	72	0	0	1	1				0	0	0		0	0		0	0	0	0				0		0	0	0	0	00:00.0	0		RETAIL	NULL		0			VAT17	1			0	0		1753-01-01 00:00:00.000	72	0	0	0	0	0	0	0	0		0	0	1	PCS	PCS		0	0	0			0								PCS		1753-01-01 00:00:00.000		1	0			72	0	0	0	0	0	0	0	0	0	0			0				0
0x000000000068CBAB	LS-2		Cables for Loudspeakers	CABLES FOR LOUDSPEAKERS		BOX	0	RESALE			1	0	0	21	0	28.57143	0	15	15	0	0	1	1				0	0	0		0	0		0	0	0	0				0		0	0	0	0	00:00.0	0		RETAIL	NULL		0			VAT17	1			0	0		1753-01-01 00:00:00.000	15	0	0	0	0	0	0	0	0		0	0	1	BOX	BOX		0	0	0			0								BOX		1753-01-01 00:00:00.000		1	0			15	0	0	0	0	0	0	0	0	0	0			0				0	0	0	0	0
0x000000000068CC32	LS-75		Loudspeaker	 Cherry	 75W	LOUDSPEAKER	 CHERRY	 75W		PCS	0	RESALE			1	0	0	79	0	54.43038	0	36	36	36	0	1	1				0	0	0		0	0		0	0	0	0				0		0	0	0	0	00:00.0	0		RETAIL	NULL		0			VAT17	1			0	0		1753-01-01 00:00:00.000	36	0	0	0	0	0	0	0	0		0	0	1	PCS	PALLET		0	0	0			0								PALLET		1753-01-01 00:00:00.000		1	0			36	0	0	0	0	0	0	0	0	0	0			0				0
0x000000000068CC33	LS-81		Loudspeaker	 Walnut	 80W	LOUDSPEAKER	 WALNUT	 80W		PCS	0	RESALE			1	0	0	79	0	54.43038	0	36	36	0	0	1	1				0	0	0		0	0		0	0	0	0				0		0	0	0	0	00:00.0	0		RETAIL	NULL		0			VAT17	1			0	0		1753-01-01 00:00:00.000	36	0	0	0	0	0	0	0	0		0	0	1	PCS	PALLET		0	0	0			0								PALLET		1753-01-01 00:00:00.000		1	0			36	0	0	0	0	0	0	0	0	0	0			0				0
0x000000000068CC34	LS-MAN-10		Manual for Loudspeakers	MANUAL FOR LOUDSPEAKERS		PCS	0	RESALE			1	0	0	0	0	0	0	12	12	0	0	1	1				0	0	0		0	0		0	0	0	0				0		0	0	0	0	00:00.0	0		RETAIL	NULL		0			VAT17	1			0	0		1753-01-01 00:00:00.000	12	0	0	0	0	0	0	0	0		0	0	1	PCS	PCS		0	0	0			0								PCS		1753-01-01 00:00:00.000		1	0			12	0	0	0	0	0	0	0	0	0	0			0				0	0	0	0	0
0x000000000068CC35	LS-S15		Stand for Loudspeakers LS-150	STAND FOR LOUDSPEAKERS LS-150		PCS	0	RESALE			1	0	0	79	0	43.03797	0	45	45	0	0	1	1				0	0	0		0	0		0	0	0	0				0		0	0	0	0	00:00.0	0		RETAIL	NULL		0			VAT17	1			0	0		1753-01-01 00:00:00.000	45	0	0	0	0	0	0	0	0		0	0	1	PCS	PCS		0	0	0			0								PCS		1753-01-01 00:00:00.000		1	0			45	0	0	0	0	0	0	0	0	0	0			0				0	0	0	0	0
0x000000000068CC36	LSU-15		"Base speaker unit 15"" 100W"	"BASE SPEAKER UNIT 15"" 100W"		PCS	0	RESALE			1	0	0	21	0	28.57143	0	15	15	15	0	1	1				0	0	0		0	0		0	0	0	0				0		0	0	0	0	00:00.0	0		RETAIL	NULL		0			VAT17	1			1	0		1753-01-01 00:00:00.000	15	0	0	0	0	0	0	0	0		0	0	1	PCS	PCS		1	1	0			0								PCS		1753-01-01 00:00:00.000		1	0			15	0	0	0	0	0	0	0	0	0	0			0				0	0	0	0	0
0x000000000068CC37	LSU-4		"Tweeter speaker unit 4"" 100W"	"TWEETER SPEAKER UNIT 4"" 100W"		PCS	0	RESALE			1	0	0	21	0	28.57143	0	15	15	15	0	1	1				0	0	0		0	0		0	0	0	0				0		0	0	0	0	00:00.0	0		RETAIL	NULL		0			VAT17	1			1	0		1753-01-01 00:00:00.000	15	0	0	0	0	0	0	0	0		0	0	1	PCS	PCS		1	1	0			0								PCS		1753-01-01 00:00:00.000		1	0			15	0	0	0	0	0	0	0	0	0	0			0				0	0	0	0	0
0x000000000068CC38	LSU-8		"Middletone speaker unit 8""100W"	"MIDDLETONE SPEAKER UNIT 8""100W"		PCS	0	RESALE			1	0	0	21	0	28.57143	0	15	15	15	0	1	1				0	0	0		0	0		0	0	0	0				0		0	0	0	0	00:00.0	0		RETAIL	NULL		0			VAT17	1			1	0		1753-01-01 00:00:00.000	15	0	0	0	0	0	0	0	0		0	0	1	PCS	PCS		1	1	0			0								PCS		1753-01-01 00:00:00.000		1	0			15	0	0	0	0	0	0	0	0	0	0			0				0	0	0	0	0
0x000000000068CC39	SPK-100		Spike for LS-100	SPIKE FOR LS-100		PCS	0	RESALE			1	0	0	21	0	28.57143	0	15	15	15	0	1	1				0	0	0		0	0		0	0	0	0				0		0	0	0	0	00:00.0	0		RETAIL	NULL		0			VAT17	1			1	0		1753-01-01 00:00:00.000	15	0	0	0	0	0	0	0	0		0	0	1	PCS	PCS		1	1	0			0								PCS		1753-01-01 00:00:00.000		1	0			15	0	0	0	0	0	0	0	0	0	0			0				0	0	0	0	0
